Captured Time,Latitude,Longitude,Value,Unit,Location Name,Device ID,MD5Sum,Height,Surface,Radiation,Uploaded Time,Loader ID
2026-06-19 01:59:57,49.608234,20.81973,36,cpm,,65128,2d87f72dd7bc580248fa79e23dc6718a,49,,,2026-06-19 01:59:58.05763,
2026-06-19 01:58:52,51.0634,11.7586,19,cpm,"Sieglitz, DE",209,a756f4567c2ce47e5bdb3b90151d9f45,,,,2026-06-19 01:59:54.454769,
2026-06-19 01:59:52,49.60823,20.819728,34,cpm,,65128,62bb3e9f44ca95c717d9579e73359231,49,,,2026-06-19 01:59:53.050699,
2026-06-19 01:59:47,49.608228,20.819726,36,cpm,,65128,74c5e28796d6808a784555add198007a,49,,,2026-06-19 01:59:48.038384,
2026-06-19 01:59:46,53.962355557933364,-1.082102543408737,0.078,usv,,221,e6f07da74f2bad33d9cf58ab21b4e098,,,,2026-06-19 01:59:46.784772,
2026-06-19 01:58:43,52.4494,13.3127,16,cpm,"Berlin, DE",204,bd5c7bef3a2e37612e83f0071f2faa64,,,,2026-06-19 01:59:43.875249,
2026-06-19 01:59:42,49.608228,20.819725,40,cpm,,65128,86496389943594cd9b01ccb0d371bd2e,49,,,2026-06-19 01:59:43.016818,
2026-06-19 01:59:33,32.7936,35.0057,105.6,cpm,,273997337,04285155c18034a6997dfaec10998bf0,100,,,2026-06-19 01:59:38.289596,
2026-06-19 01:59:37,49.608228,20.819723,35,cpm,,65128,a09331030770346df6431b372795c3ab,49,,,2026-06-19 01:59:37.985459,
2026-06-19 01:59:36,44.0017,-79.48687,36,cpm,,61367,cfd04e5254f1546ef61693562ce670c9,,,,2026-06-19 01:59:37.45319,
2026-06-19 01:59:32,49.608227,20.81972,34,cpm,,65128,4b863f725a9065ddb0ac37dca3cf677a,49,,,2026-06-19 01:59:33.086731,
2026-06-19 01:58:31,52.4276,4.9711,21,cpm,"Waterland, NL",205,357facb6a46c1771bb434e1d9e4a72d2,,,,2026-06-19 01:59:32.176835,
2026-06-19 01:59:29,45.60197,9.31745,41,cpm,,65109,a0955c28a5cd6b5b40b81ff791155e2c,0,,,2026-06-19 01:59:31.783425,
2026-06-19 01:59:31,37.494708,139.92604,32.4,celcius,,100369,a08fd69d9a4d02b6510d3c082a572327,219,,,2026-06-19 01:59:31.062798,
2026-06-19 01:59:30,37.494708,139.92604,16,cpm,,100362,11501f874ee4c9499310c4e8bc689015,219,,,2026-06-19 01:59:30.729624,
2026-06-19 01:59:30,37.494708,139.92604,40,cpm,,100361,931209c8fb33ce2de13b3ba91c437391,219,,,2026-06-19 01:59:30.4285,
2026-06-19 01:59:27,49.608227,20.819717,33,cpm,,65128,4304a5fe83f9c680cabfa0297bb27802,49,,,2026-06-19 01:59:27.955702,
2026-06-19 01:59:22,49.608227,20.819715,32,cpm,,65128,6fd32e50cdadbf33e76610fa5101617d,49,,,2026-06-19 01:59:23.053982,
2026-06-19 01:59:17,49.60823,20.819716,29,cpm,,65128,ec8708e2470118a006d6d7d818f7ba95,49,,,2026-06-19 01:59:18.019769,
2026-06-19 01:58:13,51.9807,9.2345,14,cpm,"Bad Pyrmont, DE",108,bdc93b513f08ae1f6a9b83ff561d41f2,,,,2026-06-19 01:59:15.401527,
2026-06-19 01:59:12,49.608232,20.819716,29,cpm,,65128,f5f1ab3b74f16f1019f89b80779e095f,49,,,2026-06-19 01:59:13.00324,
2026-06-19 01:59:07,49.608232,20.819717,30,cpm,,65128,fb55dc2924094357d8c4dc05605353af,49,,,2026-06-19 01:59:07.986713,
2026-06-19 01:58:53,59.4397,25.5189,38,cpm,,,95aac88ef56b605146bf106b4d064ae9,,,,2026-06-19 01:59:04.384819,
2026-06-19 01:59:02,49.608232,20.81972,31,cpm,,65128,638f3c13b0e0a7530048cc6987435a72,49,,,2026-06-19 01:59:02.988101,
2026-06-19 01:58:57,49.608232,20.819722,34,cpm,,65128,58a7f6123285a972b7811ce566d898c2,49,,,2026-06-19 01:58:57.961738,
2026-06-19 01:58:52,49.60823,20.819723,35,cpm,,65128,99fd8e84448f52c76a8407bb77cd8e7d,49,,,2026-06-19 01:58:53.041482,
2026-06-19 01:57:51,51.0634,11.7586,23,cpm,"Sieglitz, DE",209,5cdc18f7c5195a32560bec265e65296e,,,,2026-06-19 01:58:52.437586,
2026-06-19 01:58:47,49.608228,20.819721,34,cpm,,65128,5107762a64f2294b57ad12e6d2cb514b,49,,,2026-06-19 01:58:48.151021,
2026-06-19 01:58:45,53.962355557933364,-1.082102543408737,0.104,usv,,221,f6f22989d548da0af54e703f01720b58,,,,2026-06-19 01:58:46.330959,
2026-06-19 01:58:42,49.608227,20.81972,33,cpm,,65128,24e19c8610d99026b4fcd83750597c40,49,,,2026-06-19 01:58:43.006744,
2026-06-19 01:57:42,52.4494,13.3127,14,cpm,"Berlin, DE",204,d55f5291231868e89cba6f692a47b6f1,,,,2026-06-19 01:58:42.641778,
2026-06-19 01:58:37,49.608225,20.819718,32,cpm,,65128,a46b4c873e9c0b27137800ca02124b02,49,,,2026-06-19 01:58:38.085976,
2026-06-19 01:58:32,49.608223,20.819715,31,cpm,,65128,ea5aba4e5aa1cfb034970a4540208f66,49,,,2026-06-19 01:58:33.063235,
2026-06-19 01:56:58,52.4276,4.9711,24,cpm,"Waterland, NL",205,0e86904c6da5aab7a4afd2170fb51d83,,,,2026-06-19 01:58:30.82576,
2026-06-19 01:58:27,49.608222,20.819712,33,cpm,,65128,5c958b6f8e429994901c42a0409036f5,49,,,2026-06-19 01:58:27.989328,
2026-06-19 01:58:22,49.608217,20.819707,33,cpm,,65128,6c2b877482fb0999bcdcc038fdec72d3,49,,,2026-06-19 01:58:23.03145,
2026-06-19 01:58:17,49.608211,20.819702,33,cpm,,65128,3bf79c84d14e20522bb2e93ccbffcae0,49,,,2026-06-19 01:58:18.016293,
2026-06-19 01:58:13,34.48265,136.16314,43,cpm,,65127,b9837294e6872dd4aa9632c9f546f234,0,,,2026-06-19 01:58:17.062775,
2026-06-19 01:58:12,49.608209,20.8197,33,cpm,,65128,33ae64030c86db29c8c0b1b5d0846748,49,,,2026-06-19 01:58:13.097249,
2026-06-19 01:57:11,51.9807,9.2345,14,cpm,"Bad Pyrmont, DE",108,aa242422a1a974316e770ba7e5154d66,,,,2026-06-19 01:58:12.445204,
2026-06-19 01:58:08.714,43.6045,1.444,23,cpm,,238,6e957792a5adf4eb88efddd1817b2189,,,,2026-06-19 01:58:09.018534,
2026-06-19 01:58:07,49.608218,20.819703,35,cpm,,65128,c22a38ce86041c3d149b7c2e84ab2051,49,,,2026-06-19 01:58:08.078723,
2026-06-19 01:58:02,49.608217,20.819699,34,cpm,,65128,899cd2b2328f9c50c1d91ebdb03cc620,49,,,2026-06-19 01:58:03.061883,
2026-06-19 01:57:52,59.4397,25.5189,22,cpm,,,735c24b4ae9e6dcdb627f0cb929cc92a,,,,2026-06-19 01:58:02.812599,
2026-06-19 01:58:00.069,51.108658,-0.218624,18,cpm,,279,f180ca7450616ef4cce762e983fe6974,,,,2026-06-19 01:58:00.640951,
2026-06-19 01:57:57,49.608221,20.819697,32,cpm,,65128,97727a960bcbcc6e0b39fb4bc9d8838b,49,,,2026-06-19 01:57:57.951674,
2026-06-19 01:57:52,49.608215,20.81969,32,cpm,,65128,e39cf0d1383d7494bac5b4b2f2c61945,49,,,2026-06-19 01:57:53.032288,
2026-06-19 01:56:49,51.0634,11.7586,21,cpm,"Sieglitz, DE",209,fdff38ad519a6bb69a18d2e0d9decf17,,,,2026-06-19 01:57:50.310223,
2026-06-19 01:57:47,49.608213,20.819692,32,cpm,,65128,e566a3e88ddefb2d23a9f15b47f547eb,49,,,2026-06-19 01:57:48.018342,
2026-06-19 01:57:45,34.48265,136.16314,44,cpm,,65002,3b5a2823ac436518470095042f82ac24,0,,,2026-06-19 01:57:46.50305,
2026-06-19 01:57:45,53.962355557933364,-1.082102543408737,0.104,usv,,221,db4d1e4fa4e3f849665aef1d1293d0ea,,,,2026-06-19 01:57:46.098618,
2026-06-19 01:57:42,49.608216,20.819701,29,cpm,,65128,97592d999b0e36637227061b212d0faf,49,,,2026-06-19 01:57:42.993384,
2026-06-19 01:56:41,52.4494,13.3127,13,cpm,"Berlin, DE",204,8a523c9570821836af585167085ead7e,,,,2026-06-19 01:57:41.986076,
2026-06-19 01:57:37,49.608213,20.819701,31,cpm,,65128,c6ecde69117d76625ed99f2f88b829fa,49,,,2026-06-19 01:57:38.098125,
2026-06-19 01:57:32,49.608214,20.819704,35,cpm,,65128,0233044bf6153be9146fe040da1a3b0d,49,,,2026-06-19 01:57:33.058037,
2026-06-19 01:57:27,49.608218,20.819702,33,cpm,,65128,ab88f8b44cf8ad4bc0f423c913836267,49,,,2026-06-19 01:57:28.042321,
2026-06-19 01:57:22,49.608223,20.8197,33,cpm,,65128,14996c080f2bcb93fa254ab4cce4014d,49,,,2026-06-19 01:57:23.022216,
2026-06-19 01:57:17,49.608228,20.819706,36,cpm,,65128,504759d9d363bae545968a8a2099e0ff,49,,,2026-06-19 01:57:18.008768,
2026-06-19 01:57:12,49.608233,20.819712,39,cpm,,65128,310e21866ddad43eaa352779bcd12309,49,,,2026-06-19 01:57:13.091229,
2026-06-19 01:56:09,51.9807,9.2345,16,cpm,"Bad Pyrmont, DE",108,87691d1ec0ff537c8783f07b17982c05,,,,2026-06-19 01:57:10.615741,
2026-06-19 01:57:07,49.608238,20.819717,38,cpm,,65128,e0baed60ee8c8f47dae5a2b42f072056,49,,,2026-06-19 01:57:08.074513,
2026-06-19 01:57:03,37.4932,139.93305,51,cpm,,101,3dd6920b824f27401b9d19ad7f259ee4,,,,2026-06-19 01:57:03.847994,
2026-06-19 01:57:02,49.608241,20.819724,37,cpm,,65128,f5716a526c6fa61b33e9c9dca94cc9c2,49,,,2026-06-19 01:57:03.061959,
2026-06-19 01:56:52,59.4397,25.5189,24,cpm,,,82334653028c85abd302793b9b0805ff,,,,2026-06-19 01:56:58.559947,
2026-06-19 01:55:57,52.4276,4.9711,26,cpm,"Waterland, NL",205,e3026f75d660fd2ad8a0a6cb2ed65230,,,,2026-06-19 01:56:58.069713,
2026-06-19 01:56:57,49.608235,20.819723,40,cpm,,65128,5c25e318a8866931d06403b1a4df5098,49,,,2026-06-19 01:56:58.037646,
2026-06-19 01:56:52,49.60824,20.819728,40,cpm,,65128,09b7bf64d2705812f6abf4350c78a906,49,,,2026-06-19 01:56:53.019271,
2026-06-19 01:55:47,51.0634,11.7586,24,cpm,"Sieglitz, DE",209,626fdd233b89a2e40f14fec7fb8e2d66,,,,2026-06-19 01:56:48.605628,
2026-06-19 01:56:47,49.608243,20.819729,40,cpm,,65128,9fae738b1171bd2bd29eab53e17615cd,49,,,2026-06-19 01:56:48.106589,
2026-06-19 01:56:42,39.0287,-76.5834,0.068,usv,,255,ec6d12e4ae9cd4f74138346e108a0e2d,,,,2026-06-19 01:56:44.656644,
2026-06-19 01:56:43,53.962355557933364,-1.082102543408737,0.13,usv,,221,546e7a8ceec13dea133787a149bba69e,,,,2026-06-19 01:56:44.249003,
2026-06-19 01:56:42,49.608246,20.819728,40,cpm,,65128,32439494ced95ee9a5e6daa969d47ffe,49,,,2026-06-19 01:56:43.085286,
2026-06-19 01:55:40,52.4494,13.3127,16,cpm,"Berlin, DE",204,647256cdf2367ba08e51217482119db1,,,,2026-06-19 01:56:40.736929,
2026-06-19 01:56:37,49.608248,20.819728,39,cpm,,65128,b2adeef8e48d0ef9acf51bd63968ae35,49,,,2026-06-19 01:56:38.069303,
2026-06-19 01:56:34,42.49361,-70.86514,34,cpm,,65041,d80ee030f359d6db17112ac1c31e30e1,0,,,2026-06-19 01:56:35.251118,
2026-06-19 01:56:32,49.60825,20.819728,41,cpm,,65128,fe0fc3d75c8bbd0701cbbe8293cf31c4,49,,,2026-06-19 01:56:33.050186,
2026-06-19 01:56:27,49.608242,20.819727,41,cpm,,65128,150fa416d8a35b5928b26df5bc47dc37,49,,,2026-06-19 01:56:28.033473,
2026-06-19 01:56:22,49.608235,20.819728,39,cpm,,65128,b9041270fc6505ead519fa05a8e938ae,49,,,2026-06-19 01:56:23.018589,
2026-06-19 01:56:22.36454,44.3292,3.05828,0.165,usv,,0,21de539d4e0dc2733fb72f4eeedf31b4,,,,2026-06-19 01:56:22.942536,
2026-06-19 01:56:21.579522,44.3292,3.05828,33,cpm,,0,b31dae87ddff3f148f344f05bb0780f7,,,,2026-06-19 01:56:22.258892,
2026-06-19 01:56:17,49.608239,20.819726,36,cpm,,65128,d01cee25895508598e31b34a578d9e24,49,,,2026-06-19 01:56:18.103563,
2026-06-19 01:56:13,31.833193,130.301922,31.9,status,,100229,b48efa616ef9c3b587388b501acb8915,13,,,2026-06-19 01:56:13.679255,
2026-06-19 01:56:13,31.833193,130.301922,11,cpm,,100222,ebe49dbcd3eb6cd37753129253c356c3,13,,,2026-06-19 01:56:13.102036,
2026-06-19 01:56:12,49.608241,20.819728,35,cpm,,65128,aad5f98accedf3e118203de3c40063d4,49,,,2026-06-19 01:56:13.08393,
2026-06-19 01:56:12,31.833193,130.301922,31,cpm,,100221,46d3ed21e79b4d6df8e4009af7eb1e85,13,,,2026-06-19 01:56:12.529125,
2026-06-19 01:55:06,51.9807,9.2345,19,cpm,"Bad Pyrmont, DE",108,c7433b3240a930504155e81298ace2d7,,,,2026-06-19 01:56:08.981352,
2026-06-19 01:56:07,49.608238,20.81973,35,cpm,,65128,c58084a6aea04ce8d7ae91318a7f1b10,49,,,2026-06-19 01:56:07.963975,
2026-06-19 01:56:06.483,43.6045,1.444,16,cpm,,238,97034720952bb3aedcd35e16a99c2639,,,,2026-06-19 01:56:06.808425,
2026-06-19 01:56:02,49.608237,20.81973,35,cpm,,65128,283f98e1b6e09275f77ded726cfbe4b3,49,,,2026-06-19 01:56:03.156557,
2026-06-19 01:56:00.068,51.108658,-0.218624,27,cpm,,279,68a3dbeb1daf6803091a2930f2440552,,,,2026-06-19 01:56:00.601145,
2026-06-19 01:55:57,49.608236,20.819731,36,cpm,,65128,36a1f3536fb412bfff138e8e8be560f7,49,,,2026-06-19 01:55:58.029628,
2026-06-19 01:55:36,59.4397,25.5189,33,cpm,,,71ca445fdd3211ffd0b59f245532b482,,,,2026-06-19 01:55:56.970032,
2026-06-19 01:54:55,52.4276,4.9711,36,cpm,"Waterland, NL",205,e1c1ec4a22b1a90f4f696ced23a3d02c,,,,2026-06-19 01:55:56.692605,
2026-06-19 01:55:52,49.608235,20.819731,37,cpm,,65128,66f74116a9355b1bc68e7ffdfdbe32e8,49,,,2026-06-19 01:55:53.015655,
2026-06-19 01:55:47,49.608233,20.819731,36,cpm,,65128,1596d62cfd491ca22bdde1bbb6ce684a,49,,,2026-06-19 01:55:47.996297,
2026-06-19 01:54:46,51.0634,11.7586,22,cpm,"Sieglitz, DE",209,d02b356c7bb6a592b4d1a86c70fa16c7,,,,2026-06-19 01:55:46.998967,
2026-06-19 01:55:42,49.608234,20.819734,37,cpm,,65128,29e4d10a94780778481898a2cc7fd884,49,,,2026-06-19 01:55:43.755214,
2026-06-19 01:55:43,53.962355557933364,-1.082102543408737,0.0845,usv,,221,393c22a982bbe1bc82a99d91819ee408,,,,2026-06-19 01:55:43.725587,
2026-06-19 01:54:39,52.4494,13.3127,16,cpm,"Berlin, DE",204,12b743c169859bdc1a6f42267ab79cfc,,,,2026-06-19 01:55:39.533727,
2026-06-19 01:55:37,49.608235,20.819737,39,cpm,,65128,081315daa7241998e2feb9f4d89f3992,49,,,2026-06-19 01:55:38.072242,
2026-06-19 01:55:32,49.608234,20.819739,38,cpm,,65128,adebbeec80679f59d9098060c2979c7b,49,,,2026-06-19 01:55:33.045079,
2026-06-19 01:55:27,49.608231,20.81974,37,cpm,,65128,22429e9ef309e9e3199bdb38fcc9d7a9,49,,,2026-06-19 01:55:28.025408,
2026-06-19 01:55:22,49.608228,20.81974,40,cpm,,65128,4dee18586ca32d6827f552cad13c76a9,49,,,2026-06-19 01:55:23.011808,
2026-06-19 01:55:17,49.608224,20.819741,45,cpm,,65128,b98b686d5b12f3d41dcf8d37fd473c2d,49,,,2026-06-19 01:55:18.111247,
2026-06-19 01:55:12,49.60822,20.819744,44,cpm,,65128,2ae4f7a13cb92a223530209573f938f7,49,,,2026-06-19 01:55:12.974231,
2026-06-19 01:55:07,49.608216,20.819748,46,cpm,,65128,fcd0d395b76f00bc7e2c28662d5ed41d,49,,,2026-06-19 01:55:08.062251,
2026-06-19 01:54:05,51.9807,9.2345,22,cpm,"Bad Pyrmont, DE",108,90521814ea817372d0ff76eab90fb967,,,,2026-06-19 01:55:06.408179,
2026-06-19 01:55:02,49.608214,20.819753,45,cpm,,65128,b9480ba415fce6f9fffa5210c99837e7,49,,,2026-06-19 01:55:03.041377,
2026-06-19 01:54:57,49.608216,20.819757,41,cpm,,65128,68e866dd2514188536f1b1bd57265e4a,49,,,2026-06-19 01:54:58.024984,
2026-06-19 01:53:53,52.4276,4.9711,25,cpm,"Waterland, NL",205,383c15afa281957ed2e10e8de8533eb4,,,,2026-06-19 01:54:55.145986,
2026-06-19 01:54:52,49.608223,20.819756,40,cpm,,65128,f84ed46c209df22986ce69030b922254,49,,,2026-06-19 01:54:53.008555,
2026-06-19 01:54:47,49.608229,20.819756,38,cpm,,65128,f5fff87be1b5a755cfcf875e3c4d6b9b,49,,,2026-06-19 01:54:47.990869,
2026-06-19 01:54:36,59.4397,25.5189,29,cpm,,,a72e0d2449340a612f37439cdfb37a79,,,,2026-06-19 01:54:47.979841,
2026-06-19 01:53:45,51.0634,11.7586,26,cpm,"Sieglitz, DE",209,a51e3bab00453ee2a12660c3cff7152a,,,,2026-06-19 01:54:46.383728,
2026-06-19 01:54:42,53.962355557933364,-1.082102543408737,0.0845,usv,,221,78ac305997b003d5724e2fba1afdfa31,,,,2026-06-19 01:54:43.20204,
2026-06-19 01:54:42,49.60823,20.819755,37,cpm,,65128,f0aa709ca670d80ad5ee1e4867861139,49,,,2026-06-19 01:54:42.970576,
2026-06-19 01:53:39,52.4494,13.3127,15,cpm,"Berlin, DE",204,25a536851bdded63d11ab43c316b6473,,,,2026-06-19 01:54:39.348194,
2026-06-19 01:54:37,49.608232,20.819752,33,cpm,,65128,24c6964aaf0ed9c3ef1535c750554134,49,,,2026-06-19 01:54:38.055171,
2026-06-19 01:54:34,44.00161,-79.4868,20,cpm,,61367,99b8f2bde78b8916e2e2516c22ff55a4,,,,2026-06-19 01:54:36.273888,
2026-06-19 01:54:33,32.7936,35.0057,109.2,cpm,,273997337,ec592a410753d10031660313a86090fd,100,,,2026-06-19 01:54:36.007046,
2026-06-19 01:54:32,49.608236,20.819749,31,cpm,,65128,de029f45fa20cbf62ce275e10cee9cbb,49,,,2026-06-19 01:54:33.038337,
2026-06-19 01:54:30,45.60197,9.31745,47,cpm,,65109,8c4324efa1b42a61b9f7ffe3efd81c42,0,,,2026-06-19 01:54:31.745858,
2026-06-19 01:54:26,49.608235,20.819748,38,cpm,,65128,0e7b65f98e7939c47192e5f01917fd98,49,,,2026-06-19 01:54:28.023519,
2026-06-19 01:54:27,37.494708,139.92604,32.4,celcius,,100369,fc264afec083de0445914acaa17c20b1,219,,,2026-06-19 01:54:27.963052,
2026-06-19 01:54:27,37.494708,139.92604,15,cpm,,100362,2f1e0b435f6cbae4226608560c7456ab,219,,,2026-06-19 01:54:27.575511,
2026-06-19 01:54:26,37.494708,139.92604,37,cpm,,100361,7de087d3b4646c95889defdc2f1d2c8d,219,,,2026-06-19 01:54:26.954132,
2026-06-19 01:54:22,49.608237,20.819749,39,cpm,,65128,635c431fd2a5e5d7715b254d4cd215f5,49,,,2026-06-19 01:54:23.003237,
2026-06-19 03:54:10.803763,51.397149,7.072127,17,211,,,ae9d5671f99c340c6bd9b19dea41c133,,,,2026-06-19 01:54:18.158705,
2026-06-19 01:54:17,49.608237,20.819749,39,cpm,,65128,cb2cd3ba952169aec9ceb4ffa15b18da,49,,,2026-06-19 01:54:18.087949,
2026-06-19 01:54:12,49.608242,20.819751,41,cpm,,65128,c60bb8fa90833ace3d8deced2749285a,49,,,2026-06-19 01:54:12.967639,
2026-06-19 01:54:06,49.608241,20.819749,38,cpm,,65128,53e1891ba3648e762a0ad0397baa9301,49,,,2026-06-19 01:54:08.059857,
2026-06-19 01:53:01,51.9807,9.2345,15,cpm,"Bad Pyrmont, DE",108,8f09ad548f5b7e68d26115bd64f1daaf,,,,2026-06-19 01:54:04.71133,
2026-06-19 01:54:04.356,43.6045,1.444,24,cpm,,238,0d6890bf7bca87d199081832e1e0501b,,,,2026-06-19 01:54:04.686226,
2026-06-19 01:54:02,49.608242,20.819748,39,cpm,,65128,0347c93a3c61467bdc963f264f8165ee,49,,,2026-06-19 01:54:03.036384,
2026-06-19 01:54:00.072,51.108658,-0.218624,21,cpm,,279,405afa1a17018eeb9124cea79e48d34d,,,,2026-06-19 01:54:00.656034,
2026-06-19 01:53:57,49.608244,20.819747,43,cpm,,65128,0d4a7f4962aaa17bfb98135a69027c6d,49,,,2026-06-19 01:53:58.017856,
2026-06-19 01:53:52,49.608245,20.819745,43,cpm,,65128,f6cc77cb1251ef5acd5a8331423db1e6,49,,,2026-06-19 01:53:53.00154,
2026-06-19 01:52:52,52.4276,4.9711,22,cpm,"Waterland, NL",205,96cab91a88022e86485e068ed69cf4c3,,,,2026-06-19 01:53:52.675479,
2026-06-19 01:53:47,49.608249,20.819747,45,cpm,,65128,7f879e0cf3b1dda1651ce1c592d7db7d,49,,,2026-06-19 01:53:47.982081,
2026-06-19 01:53:35,59.4397,25.5189,21,cpm,,,48002e31536e8bbdc9a5cd0fc60e384a,,,,2026-06-19 01:53:46.464301,
2026-06-19 01:52:43,51.0634,11.7586,24,cpm,"Sieglitz, DE",209,2f5c8e6328fff911b136aa87f0ba15aa,,,,2026-06-19 01:53:44.764191,
2026-06-19 01:53:42,49.608255,20.819749,46,cpm,,65128,087704a1b6260760f9dee2206e209857,49,,,2026-06-19 01:53:43.083478,
2026-06-19 01:53:42,53.962355557933364,-1.082102543408737,0.0975,usv,,221,2b91f2634fc9fb051657a1651f3c1154,,,,2026-06-19 01:53:42.871347,
2026-06-19 01:52:38,52.4494,13.3127,21,cpm,"Berlin, DE",204,50bb522ba2cf3e147ffbc29ca1c2c5cb,,,,2026-06-19 01:53:38.906165,
2026-06-19 01:53:37,49.608261,20.819749,49,cpm,,65128,f0d6279237d97eb43b829c34aa853356,49,,,2026-06-19 01:53:38.049712,
2026-06-19 01:53:32,49.608266,20.819749,48,cpm,,65128,bef54b815676349fbfd17becc7dbe2cf,49,,,2026-06-19 01:53:33.032955,
2026-06-19 01:53:27,49.608264,20.819746,45,cpm,,65128,c4d87dc8720274f56e7a3440089f7295,49,,,2026-06-19 01:53:28.017395,
2026-06-19 01:53:22,49.60826,20.819743,40,cpm,,65128,0d13e85acff02405c1da25c9c7da1fe2,49,,,2026-06-19 01:53:23.104789,
2026-06-19 01:53:17,49.608257,20.819741,37,cpm,,65128,56f55a00c8c56bcc43181ce0ad77306f,49,,,2026-06-19 01:53:18.079791,
2026-06-19 01:53:12,34.48265,136.16314,41,cpm,,65127,7760b6d7489236320ee58fa2a019030c,0,,,2026-06-19 01:53:16.587751,
2026-06-19 01:53:12,49.608261,20.819742,35,cpm,,65128,9d43d5bc1b39834029e7404294e1636b,49,,,2026-06-19 01:53:12.960723,
2026-06-19 01:53:07,49.608269,20.819744,37,cpm,,65128,47d46cd6e5e518f3fd6cef0e9be89955,49,,,2026-06-19 01:53:08.049417,
2026-06-19 01:53:02,49.608266,20.819744,38,cpm,,65128,2a664bcfc62f1100ed50571b48ef39d2,49,,,2026-06-19 01:53:03.030193,
2026-06-19 01:51:54,51.9807,9.2345,13,cpm,"Bad Pyrmont, DE",108,32e629dc9dd1dae55f663ca2f3074505,,,,2026-06-19 01:53:00.812001,
2026-06-19 01:52:57,49.608266,20.819744,33,cpm,,65128,65e4f23172a703953a479915b47d2858,49,,,2026-06-19 01:52:58.010741,
2026-06-19 01:52:52,49.608266,20.819744,33,cpm,,65128,1d5b728e300dcbae09cf6222564c6ab2,49,,,2026-06-19 01:52:53.097272,
2026-06-19 01:51:51,52.4276,4.9711,13,cpm,"Waterland, NL",205,8995aaee88f544ab122f7ece94e1ab6f,,,,2026-06-19 01:52:52.300121,
2026-06-19 01:52:47,49.608263,20.819744,34,cpm,,65128,16090b8f5355ae4ca5d2e4ff9f06d49a,49,,,2026-06-19 01:52:48.079281,
2026-06-19 01:52:45,34.48265,136.16314,51,cpm,,65002,80e286e75d7ba07756315241201391fa,0,,,2026-06-19 01:52:46.598576,
2026-06-19 01:52:35,59.4397,25.5189,24,cpm,,,4b53d326ee326f54c5cf2eaa87765a70,,,,2026-06-19 01:52:43.927556,
2026-06-19 01:52:42,53.962355557933364,-1.082102543408737,0.104,usv,,221,e2f335a4475e48da88089ef43553b7dd,,,,2026-06-19 01:52:43.260532,
2026-06-19 01:52:42,49.608266,20.819745,37,cpm,,65128,1c69f2ac66dfdabc6e5416cbc9a2c7bf,49,,,2026-06-19 01:52:43.072141,
2026-06-19 01:51:42,51.0634,11.7586,19,cpm,"Sieglitz, DE",209,cce1c20e99a0c848d6344edc7371a9f9,,,,2026-06-19 01:52:43.059677,
2026-06-19 01:52:37,49.608269,20.819747,35,cpm,,65128,72d1ad4774f0c467551eb5bbe795dcbb,49,,,2026-06-19 01:52:38.045669,
2026-06-19 01:51:37,52.4494,13.3127,15,cpm,"Berlin, DE",204,d2bd06155c0403906cfb22b0e89eede5,,,,2026-06-19 01:52:37.491697,
2026-06-19 01:52:32,49.608267,20.819745,37,cpm,,65128,bfe2b6564893b1b41321bf98badda800,49,,,2026-06-19 01:52:33.02762,
2026-06-19 01:52:27,49.608265,20.819742,35,cpm,,65128,7de206cd6dfd2654bbf18835af01d0a8,49,,,2026-06-19 01:52:28.008098,
2026-06-19 01:52:22,49.608269,20.819741,37,cpm,,65128,93a95feb2cb2c6c023cc6832f3bf3d19,49,,,2026-06-19 01:52:23.09369,
2026-06-19 01:52:17,49.608272,20.819743,37,cpm,,65128,332ab50fba64a73c0d3ffa9d745d06b5,49,,,2026-06-19 01:52:18.075964,
2026-06-19 01:52:12,49.608267,20.819741,37,cpm,,65128,5afd920044b9c6241ba89f3cf23022fc,49,,,2026-06-19 01:52:13.056309,
2026-06-19 01:52:07,49.60826,20.819737,38,cpm,,65128,2ec1a68f9d2a841bcff56670d3f71d90,49,,,2026-06-19 01:52:08.039843,
2026-06-19 01:52:03,37.4932,139.93305,48,cpm,,101,6fde20fcadda4d2e48116dc4602509a0,,,,2026-06-19 01:52:03.677074,
2026-06-19 01:52:02,49.608258,20.819737,37,cpm,,65128,738fdb471cf1b7d10a55b6f556cf394b,49,,,2026-06-19 01:52:03.022331,
2026-06-19 01:52:02.219,43.6045,1.444,23,cpm,,238,a1d12b3dca443cd244ba53859b2f81da,,,,2026-06-19 01:52:02.545742,
2026-06-19 01:52:00.066,51.108658,-0.218624,10,cpm,,279,9f01a1ac4541dcc450ed2f211784ca2e,,,,2026-06-19 01:52:00.588748,
2026-06-19 01:51:57,49.608257,20.819735,41,cpm,,65128,ad89781b8a0a0dc67f7cf14b1cadc38c,49,,,2026-06-19 01:51:58.006156,
2026-06-19 01:50:52,51.9807,9.2345,16,cpm,"Bad Pyrmont, DE",108,9f8245f706eb49786d13f66009895006,,,,2026-06-19 01:51:53.621266,
2026-06-19 01:51:52,49.608257,20.819735,42,cpm,,65128,e972d06155a9f3546ffb50630d2ed4f9,49,,,2026-06-19 01:51:53.089569,
2026-06-19 01:50:50,52.4276,4.9711,13,cpm,"Waterland, NL",205,48885206c5b6a1d28572b24e990baba8,,,,2026-06-19 01:51:50.641756,
2026-06-19 01:51:46,49.608259,20.819739,40,cpm,,65128,bc6de24a9f18d337fcb92f501b52c4e7,49,,,2026-06-19 01:51:48.07342,
2026-06-19 01:51:42,49.608259,20.819739,38,cpm,,65128,15566a2d0cca843e124352d8240b66c8,49,,,2026-06-19 01:51:43.054632,
2026-06-19 01:51:42,53.962355557933364,-1.082102543408737,0.1235,usv,,221,17ad7f9b9518793c10d44eced0b4d6ce,,,,2026-06-19 01:51:42.690876,
2026-06-19 01:51:34,59.4397,25.5189,22,cpm,,,c0c8c3c8c12447ab87d733e73acde406,,,,2026-06-19 01:51:42.460007,
2026-06-19 01:51:39,39.0287,-76.5834,0.056,usv,,255,05db25713d63cf238f25dc3cff8cd69c,,,,2026-06-19 01:51:41.311097,
2026-06-19 01:50:39,51.0634,11.7586,22,cpm,"Sieglitz, DE",209,e31724ac753e04d9f4c3ebdb91d89653,,,,2026-06-19 01:51:40.609473,
2026-06-19 01:51:37,49.608259,20.819742,37,cpm,,65128,1b9b23119821f8447a6d705201eb6fbc,49,,,2026-06-19 01:51:38.199476,
2026-06-19 01:50:36,52.4494,13.3127,14,cpm,"Berlin, DE",204,5d353e626211b103253b3e48a9cc64eb,,,,2026-06-19 01:51:36.866628,
2026-06-19 01:51:34,42.49361,-70.86514,30,cpm,,65041,cfc0cc28a9ecbaf25fd1fe9593805bb0,0,,,2026-06-19 01:51:35.211114,
2026-06-19 01:51:32,49.608263,20.819745,34,cpm,,65128,5235db7816237a2a5092c4040662b79b,49,,,2026-06-19 01:51:33.0189,
2026-06-19 01:51:27,49.608268,20.819747,34,cpm,,65128,060eb4d194e16455919b9419e7f2afbe,49,,,2026-06-19 01:51:28.142871,
2026-06-19 01:51:22,49.60827,20.819745,35,cpm,,65128,e94477ebe083dc43b541c65bc703eced,49,,,2026-06-19 01:51:23.086692,
2026-06-19 01:51:21.719994,44.3292,3.05828,0.115,usv,,0,e170d718e9b9fe73cd09ae31115eb4a3,,,,2026-06-19 01:51:22.337751,
2026-06-19 01:51:21.02257,44.3292,3.05828,23,cpm,,0,a18751947b159bed0cd87d4805419045,,,,2026-06-19 01:51:21.614499,
2026-06-19 01:51:17,49.608271,20.81974,36,cpm,,65128,79dd03daae5f1f4979a1fb256536e0cc,49,,,2026-06-19 01:51:17.966354,
2026-06-19 01:51:12,49.608269,20.819735,33,cpm,,65128,2c348ccb966977a51de1b35b093f3f55,49,,,2026-06-19 01:51:13.053037,
2026-06-19 01:51:10,31.833193,130.301922,31.9,status,,100229,117ab20055d59578364f97531f7469e4,13,,,2026-06-19 01:51:10.668265,
2026-06-19 01:51:10,31.833193,130.301922,11,cpm,,100222,fedb4e3949a9a8bce702005cff7c6512,13,,,2026-06-19 01:51:10.102716,
2026-06-19 01:51:09,31.833193,130.301922,32,cpm,,100221,9ec00686c5e5a7b790b5fd4a462683a7,13,,,2026-06-19 01:51:09.53198,
2026-06-19 01:51:07,49.60827,20.819735,32,cpm,,65128,2198439a60750c94ed905916328e5d02,49,,,2026-06-19 01:51:08.035266,
2026-06-19 01:51:02,49.608269,20.819733,33,cpm,,65128,6d56a57a0a31b11f01e34f7cebbdd22e,49,,,2026-06-19 01:51:03.015681,
2026-06-19 01:50:57,49.608267,20.819735,33,cpm,,65128,627371028c3c9a9592b3e8dd76e4a624,49,,,2026-06-19 01:50:58.00065,
2026-06-19 01:50:52,49.608268,20.819738,32,cpm,,65128,4b8b30efed09e847bc1e73e3613a6102,49,,,2026-06-19 01:50:52.979997,
2026-06-19 01:49:51,51.9807,9.2345,15,cpm,"Bad Pyrmont, DE",108,0689eb89026115b150df5ac1f9e1fb32,,,,2026-06-19 01:50:51.907386,
2026-06-19 01:49:49,52.4276,4.9711,17,cpm,"Waterland, NL",205,2d409835b9a92b1d8c55152fc0c30bc3,,,,2026-06-19 01:50:50.451597,
2026-06-19 01:50:47,49.608269,20.819742,34,cpm,,65128,7c3c3c679e36faf91b36e33b713b045b,49,,,2026-06-19 01:50:48.084729,
2026-06-19 01:50:42,49.608272,20.819743,34,cpm,,65128,7f83f0dde0ffe1f3ec3c64c10df1859e,49,,,2026-06-19 01:50:43.050735,
2026-06-19 01:50:41,53.962355557933364,-1.082102543408737,0.117,usv,,221,2d629cf40f5fa700945a4eeb1c356774,,,,2026-06-19 01:50:42.226835,
2026-06-19 01:49:36,51.0634,11.7586,18,cpm,"Sieglitz, DE",209,c1c09543d139f3cb9ce355eb132f029f,,,,2026-06-19 01:50:38.632565,
2026-06-19 01:50:37,49.608271,20.819743,35,cpm,,65128,ed187adf480d1aa65f1734fcbc93ea65,49,,,2026-06-19 01:50:38.030583,
2026-06-19 01:50:34,59.4397,25.5189,20,cpm,,,fa1ba28293a19cf83b2f628ce2df246a,,,,2026-06-19 01:50:37.907455,
2026-06-19 01:49:35,52.4494,13.3127,14,cpm,"Berlin, DE",204,1be7d6f27b649ed8c05875dde72c99e5,,,,2026-06-19 01:50:35.674846,
2026-06-19 01:50:32,49.608265,20.819743,38,cpm,,65128,9bb9ac78b8d70e1c643770b359e0a00e,49,,,2026-06-19 01:50:33.013992,
2026-06-19 01:50:27,49.60826,20.819737,36,cpm,,65128,d06303c2f1e6c9e098060393848c417f,49,,,2026-06-19 01:50:28.031533,
2026-06-19 01:50:22,49.608261,20.819738,35,cpm,,65128,812a72bf2fdf5469345e8ca11fd111df,49,,,2026-06-19 01:50:22.98064,
2026-06-19 01:50:17,49.608264,20.819738,32,cpm,,65128,924cf6fe3861d411c4949730f6d5adf0,49,,,2026-06-19 01:50:18.182581,
2026-06-19 01:50:12,49.608267,20.819739,32,cpm,,65128,a9e0e676c08691d611b219cd12445330,49,,,2026-06-19 01:50:13.059062,
2026-06-19 01:50:07,49.608267,20.819739,33,cpm,,65128,2e12f5d21e6ae428315f153ca17c2c1c,49,,,2026-06-19 01:50:08.030446,
2026-06-19 01:50:02,49.608264,20.819743,31,cpm,,65128,2d754530e736272d7001658202877f31,49,,,2026-06-19 01:50:03.010659,
2026-06-19 01:50:00.069,51.108658,-0.218624,22,cpm,,279,f230ae543620f1134fcbb8901497552c,,,,2026-06-19 01:50:00.565783,
2026-06-19 01:50:00.028,43.6045,1.444,18,cpm,,238,bc5c28fa754028246741121ae0e8ef1d,,,,2026-06-19 01:50:00.353422,
2026-06-19 01:49:57,49.608257,20.819743,28,cpm,,65128,9b50687768e1fc81585fb4b434661f94,49,,,2026-06-19 01:49:58.15113,
2026-06-19 01:49:52,49.608256,20.819742,28,cpm,,65128,9aeec1f389a46746da2b98fd07ed76b5,49,,,2026-06-19 01:49:53.076829,
2026-06-19 01:48:50,51.9807,9.2345,17,cpm,"Bad Pyrmont, DE",108,46b45864f07b2f58be1c7968a9b75139,,,,2026-06-19 01:49:51.298096,
2026-06-19 01:48:48,52.4276,4.9711,26,cpm,"Waterland, NL",205,7e189a7be97f4f1a045af42fe293838e,,,,2026-06-19 01:49:49.238109,
2026-06-19 01:49:47,49.608259,20.819738,28,cpm,,65128,9248be8c145e3196fc219705deba7717,49,,,2026-06-19 01:49:48.061539,
2026-06-19 01:49:42,49.608261,20.819741,28,cpm,,65128,c791d5f64be22b6fafdd782f0099eda3,49,,,2026-06-19 01:49:43.042019,
2026-06-19 01:49:40,53.962355557933364,-1.082102543408737,0.104,usv,,221,22f68dddef85d35359d7df1f51845315,,,,2026-06-19 01:49:41.168932,
2026-06-19 01:49:37,49.608262,20.819739,28,cpm,,65128,e5bd03e23e74c6a831ba1fab3cd8dae5,49,,,2026-06-19 01:49:38.024557,
2026-06-19 01:49:33,59.4397,25.5189,26,cpm,,,c043c3a74fd613454c9dfc9b6cbc789b,,,,2026-06-19 01:49:36.457416,
2026-06-19 01:48:34,51.0634,11.7586,22,cpm,"Sieglitz, DE",209,f7473f36b6aa7f6af8fff4ff951c7807,,,,2026-06-19 01:49:36.016334,
2026-06-19 01:49:33,32.7936,35.0057,106.8,cpm,,273997337,79973cf0a9f76633d743b2056690a121,100,,,2026-06-19 01:49:35.916978,
2026-06-19 01:49:33,44.00155,-79.4869,38,cpm,,61367,0e9af84e6f776ccd31b2c571701db2c1,,,,2026-06-19 01:49:34.904825,
2026-06-19 01:48:34,52.4494,13.3127,12,cpm,"Berlin, DE",204,b3ec3010beb5c0f4b42c38245ea679e3,,,,2026-06-19 01:49:34.465924,
2026-06-19 01:49:32,49.608263,20.819735,27,cpm,,65128,e1cc4c38516ee133e78806f5b67994f8,49,,,2026-06-19 01:49:33.108966,
2026-06-19 01:49:30,45.60197,9.31745,45,cpm,,65109,da79aa8ab686145db0c17ce91e800af9,0,,,2026-06-19 01:49:31.72148,
2026-06-19 01:49:27,49.608263,20.819733,26,cpm,,65128,25bf536bc512a7241d58617890412944,49,,,2026-06-19 01:49:28.094628,
2026-06-19 01:49:24,37.494708,139.92604,32.3,celcius,,100369,f15d972288a71ec9859ed5dc1de05922,219,,,2026-06-19 01:49:24.520655,
2026-06-19 01:49:24,37.494708,139.92604,15,cpm,,100362,32214dc57d4e876ea950dd3205324e5c,219,,,2026-06-19 01:49:24.038938,
2026-06-19 01:49:23,37.494708,139.92604,38,cpm,,100361,3a53d90df7b1374f6eaa74446e0dc52d,219,,,2026-06-19 01:49:23.660989,
2026-06-19 01:49:22,49.608267,20.819732,27,cpm,,65128,ba6cd916aca76aefca214077ed5c6023,49,,,2026-06-19 01:49:23.071401,
2026-06-19 01:49:17,49.608271,20.819731,30,cpm,,65128,2fb3fb70d80a9d8e416a0b3d56058ff4,49,,,2026-06-19 01:49:18.156735,
2026-06-19 01:49:12,49.608271,20.819733,35,cpm,,65128,0a451a99f3b66ebed0467f837207bdc0,49,,,2026-06-19 01:49:13.039405,
2026-06-19 01:49:07,49.608269,20.819733,34,cpm,,65128,3f8d831778c178fbc2f80688ef8f56ae,49,,,2026-06-19 01:49:08.041235,
2026-06-19 01:49:02,49.608265,20.819732,35,cpm,,65128,5552f3441232f9826c6ec8872ce36d6b,49,,,2026-06-19 01:49:03.002587,
2026-06-19 01:48:57,49.608256,20.819731,35,cpm,,65128,80d322032e2c62d4e235f430139c540b,49,,,2026-06-19 01:48:57.992195,
2026-06-19 01:48:52,49.608252,20.819731,36,cpm,,65128,ea82ad210abb8d0d534ef0e9ea0d186a,49,,,2026-06-19 01:48:53.075621,
2026-06-19 01:47:48,51.9807,9.2345,16,cpm,"Bad Pyrmont, DE",108,0dd60736d513c33020267e646a837cb0,,,,2026-06-19 01:48:49.406695,
2026-06-19 01:48:47,49.60825,20.819732,35,cpm,,65128,1fb34624957bf521e78e2d60dd4dea52,49,,,2026-06-19 01:48:48.064396,
2026-06-19 01:47:46,52.4276,4.9711,27,cpm,"Waterland, NL",205,3cafdc6253124b78a13b84e2f0b616d3,,,,2026-06-19 01:48:47.973635,
2026-06-19 01:48:42,49.60825,20.819732,34,cpm,,65128,62f6be2a049778396e2b3036e4b15817,49,,,2026-06-19 01:48:43.038131,
2026-06-19 01:48:40,53.962355557933364,-1.082102543408737,0.1105,usv,,221,78ba59d8767b885aa361973cd9a227e8,,,,2026-06-19 01:48:40.46508,
2026-06-19 01:48:37,49.608254,20.819737,32,cpm,,65128,0d6dfd5b56d2827df8678b4a4c5bab32,49,,,2026-06-19 01:48:38.018249,
2026-06-19 01:48:18,59.4397,25.5189,17,cpm,,,17bb62d861f1101f498bdcda26ee79f3,,,,2026-06-19 01:48:34.726804,
2026-06-19 01:47:33,52.4494,13.3127,16,cpm,"Berlin, DE",204,c3dd6a9b9b9c3b9709d3879117a116c7,,,,2026-06-19 01:48:34.253574,
2026-06-19 01:47:32,51.0634,11.7586,19,cpm,"Sieglitz, DE",209,9c9e2f8e33073ffae791feb7df346f7a,,,,2026-06-19 01:48:33.711275,
2026-06-19 01:48:32,49.608261,20.819741,31,cpm,,65128,f1c702cc043d2cb98242361cbd1f05e1,49,,,2026-06-19 01:48:33.001454,
2026-06-19 01:48:27,49.608263,20.819741,34,cpm,,65128,8b4410cad6b2a89cca72a340f3b42d8f,49,,,2026-06-19 01:48:27.991006,
2026-06-19 01:48:22,49.608265,20.819742,35,cpm,,65128,ede964b43a3f7f9abe179a207a4a2e43,49,,,2026-06-19 01:48:23.117996,
2026-06-19 01:48:16,49.608268,20.819741,33,cpm,,65128,99b1ec025c3854272eae5d239611e266,49,,,2026-06-19 01:48:18.126885,
2026-06-19 01:48:12,34.48265,136.16314,42,cpm,,65127,fd63feb5397e3bcf55bb16639712ccdb,0,,,2026-06-19 01:48:16.34359,
2026-06-19 01:48:12,49.608271,20.81974,33,cpm,,65128,93a1bb620d0fc76e767af80a8b977d40,49,,,2026-06-19 01:48:13.031951,
2026-06-19 01:48:07,49.608269,20.81974,31,cpm,,65128,1dc71f51542381ef4553770114746512,49,,,2026-06-19 01:48:08.028094,
2026-06-19 01:48:02,49.608268,20.819738,30,cpm,,65128,f54ce38f14f4fd722a77cfb43f09ac43,49,,,2026-06-19 01:48:03.092994,
2026-06-19 01:48:00.065,51.108658,-0.218624,13,cpm,,279,2a8b0508c9e1848a315cc29fdf115aa7,,,,2026-06-19 01:48:00.625034,
2026-06-19 01:47:57.911,43.6045,1.444,20,cpm,,238,5217969ca27edaaa751b32a223dd29e8,,,,2026-06-19 01:47:58.341705,
2026-06-19 01:47:57,49.608263,20.819738,29,cpm,,65128,f9e3d2024e3103582f479487b6e33990,49,,,2026-06-19 01:47:58.080607,
2026-06-19 01:47:52,49.608252,20.819736,27,cpm,,65128,abd9654c2e00cc7cee7bb7952b967fbc,49,,,2026-06-19 01:47:53.06541,
2026-06-19 01:47:47,49.608249,20.819736,27,cpm,,65128,347c62e966a620fb7b915dbe424da9f1,49,,,2026-06-19 01:47:48.044999,
2026-06-19 01:46:47,51.9807,9.2345,11,cpm,"Bad Pyrmont, DE",108,616cf416b0cdf3ce1398b5c9570e8da4,,,,2026-06-19 01:47:47.756232,
2026-06-19 01:47:45,34.48265,136.16314,34,cpm,,65002,22d01857a34be0259b0edc5c16c34a13,0,,,2026-06-19 01:47:46.451773,
2026-06-19 01:46:45,52.4276,4.9711,17,cpm,"Waterland, NL",205,566ebf33849375529d804690269df493,,,,2026-06-19 01:47:46.21593,
2026-06-19 01:47:42,49.608247,20.819736,31,cpm,,65128,3f6bd411b75bc5a77ad1043dc40cf402,49,,,2026-06-19 01:47:43.028221,
2026-06-19 01:47:40,53.962355557933364,-1.082102543408737,0.143,usv,,221,26a7bd53b5eb1d862033f01efd41c21c,,,,2026-06-19 01:47:40.6966,
2026-06-19 01:47:36,49.608245,20.819739,31,cpm,,65128,d7a18fdb84396ff3a477820e07d8917b,49,,,2026-06-19 01:47:38.011309,
2026-06-19 01:47:32,49.608245,20.81974,35,cpm,,65128,8616893a75ad55d2223980e9d59355e0,49,,,2026-06-19 01:47:32.994117,
2026-06-19 01:46:32,52.4494,13.3127,15,cpm,"Berlin, DE",204,b0c744461ff0c4251a6a18a3b234a6fd,,,,2026-06-19 01:47:32.75022,
2026-06-19 01:47:17,59.4397,25.5189,29,cpm,,,bf05d2f07308c673ff855d63295315d3,,,,2026-06-19 01:47:32.044188,
2026-06-19 01:46:30,51.0634,11.7586,18,cpm,"Sieglitz, DE",209,7a583b3afb92d82298d22d884249b946,,,,2026-06-19 01:47:31.548325,
2026-06-19 01:47:27,49.60825,20.819741,34,cpm,,65128,54cabf2bb4ef5eab7f3f1be415221388,49,,,2026-06-19 01:47:28.08984,
2026-06-19 01:47:22,49.608256,20.819739,32,cpm,,65128,bcb1d22403d57c8551a7f12a046a4425,49,,,2026-06-19 01:47:23.061908,
2026-06-19 01:47:16,49.608256,20.819739,33,cpm,,65128,1a33c7eec986ca83f91b3e26d5b63122,49,,,2026-06-19 01:47:18.040224,
2026-06-19 01:47:12,49.608255,20.819738,29,cpm,,65128,95e816c36abb6d8340243736cfa9ca61,49,,,2026-06-19 01:47:13.024336,
2026-06-19 01:47:07,49.608246,20.819737,34,cpm,,65128,1b1e83f910a3fdeaf210b8a4f5e86e1e,49,,,2026-06-19 01:47:08.005407,
2026-06-19 01:47:03,37.4932,139.93305,50,cpm,,101,7d1b8a7bbb64d2afb56b3e5dfddbc810,,,,2026-06-19 01:47:03.521095,
2026-06-19 01:47:02,49.608241,20.819737,36,cpm,,65128,372b63de2daa048445601ce5804c7743,49,,,2026-06-19 01:47:03.093086,
2026-06-19 01:46:56,49.608238,20.819737,37,cpm,,65128,2d643e5cf0dfbef78dd19273c3060824,49,,,2026-06-19 01:46:58.073895,
2026-06-19 01:46:52,49.608232,20.819737,37,cpm,,65128,82647afe7a7aade2383f01db8f881d11,49,,,2026-06-19 01:46:53.055792,
2026-06-19 01:46:47,49.608219,20.819736,39,cpm,,65128,8fb1a840549c83d149b2b4375c59dbfd,49,,,2026-06-19 01:46:48.039981,
2026-06-19 01:45:46,51.9807,9.2345,15,cpm,"Bad Pyrmont, DE",108,5cb3d861ced96c40d2d166562445151c,,,,2026-06-19 01:46:47.169429,
2026-06-19 01:45:43,52.4276,4.9711,18,cpm,"Waterland, NL",205,0bcd2d78cee4a694b896df943970655d,,,,2026-06-19 01:46:44.904946,
2026-06-19 01:46:42,49.608223,20.819737,38,cpm,,65128,d4ec2a1d4d62e6003cbd05c07af14587,49,,,2026-06-19 01:46:43.021897,
2026-06-19 01:46:41,53.962355557933364,-1.082102543408737,0.1365,usv,,221,010884c1282d32d3d32dacb48c0ec340,,,,2026-06-19 01:46:42.160796,
2026-06-19 01:46:37,49.608222,20.819734,41,cpm,,65128,95de55b26c8c2a1fd9a53cb015451acb,49,,,2026-06-19 01:46:38.006341,
2026-06-19 01:46:35,39.0287,-76.5834,0.083,usv,,255,b5ce1c061ad7bfd811a7dccc47b7b1da,,,,2026-06-19 01:46:37.771111,
2026-06-19 01:46:34,42.49361,-70.86514,36,cpm,,65041,2292688c6310cbd4f63da458920573c5,0,,,2026-06-19 01:46:35.077748,
2026-06-19 01:46:32,49.608221,20.81973,40,cpm,,65128,310f43e27c7a0882a0525d54f4c83238,49,,,2026-06-19 01:46:33.089796,
2026-06-19 01:45:31,52.4494,13.3127,14,cpm,"Berlin, DE",204,f5f34c6a137c1cecef8ab61847fa25b8,,,,2026-06-19 01:46:31.557527,
2026-06-19 01:46:17,59.4397,25.5189,21,cpm,,,7be39b90aedd1cb2236dbfdef2bac8d6,,,,2026-06-19 01:46:30.437382,
2026-06-19 01:45:22,51.0634,11.7586,19,cpm,"Sieglitz, DE",209,632f179fb87a658d19841e66994977b8,,,,2026-06-19 01:46:29.856832,
2026-06-19 01:46:27,49.608229,20.819732,40,cpm,,65128,60290d48198215efd3fba3436f3fb242,49,,,2026-06-19 01:46:28.069873,
2026-06-19 01:46:22,49.608233,20.819732,38,cpm,,65128,293f20b2793b827370a1ddd6a71b97dc,49,,,2026-06-19 01:46:23.154824,
2026-06-19 01:46:21.196094,44.3292,3.05828,0.145,usv,,0,a86eddee08c214460eceb16b2cf5cb12,,,,2026-06-19 01:46:21.79244,
2026-06-19 01:46:20.374282,44.3292,3.05828,29,cpm,,0,6800604df1bf280ad945f7a760a399f2,,,,2026-06-19 01:46:21.08958,
2026-06-19 01:46:17,49.608239,20.819733,39,cpm,,65128,d2f61fe65ac5287166b47d9e0e15e0ed,49,,,2026-06-19 01:46:18.035979,
2026-06-19 01:46:12,49.608246,20.819737,38,cpm,,65128,fcde2d4289f8b61514a6c74efe3b4704,49,,,2026-06-19 01:46:13.017455,
2026-06-19 01:46:07,49.60825,20.819738,35,cpm,,65128,a62605ed1c894a19fb9dbefc6fea1a0e,49,,,2026-06-19 01:46:08.007772,
2026-06-19 01:46:07,31.833193,130.301922,31.9,status,,100229,3baf94d80735b5b3c6a15c883cdfcc3d,13,,,2026-06-19 01:46:07.604904,
2026-06-19 01:46:06,31.833193,130.301922,11,cpm,,100222,b65da965c6613ea45f836e61817b8e12,13,,,2026-06-19 01:46:07.021888,
2026-06-19 01:46:06,31.833193,130.301922,28,cpm,,100221,41713890451cae961e2e36e9cbf87043,13,,,2026-06-19 01:46:06.434302,
2026-06-19 01:46:02,49.608254,20.819737,33,cpm,,65128,fac9edb0fa0531e60f1e77e57bbef2be,49,,,2026-06-19 01:46:03.096507,
2026-06-19 01:46:00.068,51.108658,-0.218624,20,cpm,,279,0d61924052bc65417614bbc455c91693,,,,2026-06-19 01:46:00.647893,
2026-06-19 01:45:57,49.608258,20.819739,36,cpm,,65128,5a51a9b9178fe41544fd9062a0713883,49,,,2026-06-19 01:45:58.07021,
2026-06-19 01:45:55.684,43.6045,1.444,16,cpm,,238,12649c504c2a3a0104d074f24ff4e2f7,,,,2026-06-19 01:45:56.033353,
2026-06-19 01:45:52,49.608261,20.81974,36,cpm,,65128,85f8c9a27fa236fd97cb722a2b16f709,49,,,2026-06-19 01:45:53.051726,
2026-06-19 01:45:47,49.608259,20.819739,33,cpm,,65128,74ff5786a893cf84d965316294c0bdd0,49,,,2026-06-19 01:45:48.037549,
2026-06-19 01:44:44,51.9807,9.2345,14,cpm,"Bad Pyrmont, DE",108,0b391c6f296c07a1e76779938b6223a4,,,,2026-06-19 01:45:45.242926,
2026-06-19 01:45:42,49.60825,20.819735,31,cpm,,65128,178aa657f18b61ffcdb416f22668d087,49,,,2026-06-19 01:45:43.013488,
2026-06-19 01:44:38,52.4276,4.9711,23,cpm,"Waterland, NL",205,bc04d7879d19a8cc522b51a17aecea63,,,,2026-06-19 01:45:42.513835,
2026-06-19 01:45:38,53.962355557933364,-1.082102543408737,0.143,usv,,221,3f4d6a7f9b6972e507b7806d505b2e3d,,,,2026-06-19 01:45:38.603565,
2026-06-19 01:45:37,49.60824,20.819731,29,cpm,,65128,b17a40f65ac79d07cfc26666c6ea7670,49,,,2026-06-19 01:45:37.998033,
2026-06-19 01:45:32,49.60824,20.819733,29,cpm,,65128,c7504ef8dbb65c0f927180ba76ef4b66,49,,,2026-06-19 01:45:33.05168,
2026-06-19 01:44:31,52.4494,13.3127,16,cpm,"Berlin, DE",204,b688bedb2d6d2c2912be15ef53c9eefc,,,,2026-06-19 01:45:31.360297,
2026-06-19 01:45:27,49.608239,20.819735,32,cpm,,65128,27abb4f22e0fd689ad3ed9c2c72e95d7,49,,,2026-06-19 01:45:28.0663,
2026-06-19 01:45:22,49.608235,20.819735,35,cpm,,65128,3bd780f0cd483b6121b1fddd24eecd85,49,,,2026-06-19 01:45:23.045449,
2026-06-19 01:45:15,59.4397,25.5189,23,cpm,,,1dcb2e31e4de3157747da1cd50d34b31,,,,2026-06-19 01:45:21.915733,
2026-06-19 01:44:20,51.0634,11.7586,18,cpm,"Sieglitz, DE",209,e5c8a2c8f912b5bb80c7958f2e7322f7,,,,2026-06-19 01:45:21.553454,
2026-06-19 01:45:17,49.608233,20.819734,32,cpm,,65128,6f740596c4e204cf0dec18f558bfb615,49,,,2026-06-19 01:45:18.08406,
2026-06-19 01:45:12,49.60823,20.81973,38,cpm,,65128,4c105b15cb84b12988a1a29b0d7981ed,49,,,2026-06-19 01:45:13.015484,
2026-06-19 01:45:07,49.608228,20.819724,39,cpm,,65128,e2025f1e7038da0c32cfa4406e3b56a5,49,,,2026-06-19 01:45:08.120993,
2026-06-19 01:45:02,49.608225,20.81972,40,cpm,,65128,951c340c26b69a1a182f5de91f16a469,49,,,2026-06-19 01:45:03.07904,
2026-06-19 01:44:57,49.60822,20.819719,39,cpm,,65128,abf7fbb2e4bb7243ea923490d04c8662,49,,,2026-06-19 01:44:58.06053,
2026-06-19 01:44:52,49.608213,20.819719,38,cpm,,65128,5a07fcb300cc3bc62574fca438aa7ee2,49,,,2026-06-19 01:44:53.212339,
2026-06-19 01:44:47,49.608211,20.819719,40,cpm,,65128,740fa29377d792052839a0337f36673c,49,,,2026-06-19 01:44:48.029454,
2026-06-19 01:43:41,51.9807,9.2345,15,cpm,"Bad Pyrmont, DE",108,7ed4561a4bfa958f9b5597bdb87de367,,,,2026-06-19 01:44:43.49078,
2026-06-19 01:44:42,49.608211,20.819718,40,cpm,,65128,817bf7379ea1daf59771e4966b6d6872,49,,,2026-06-19 01:44:43.010103,
2026-06-19 01:44:33,32.7936,35.0057,98.6,cpm,,273997337,11d13a955efe879afb04461fe1c6dce2,100,,,2026-06-19 01:44:38.960147,
2026-06-19 01:44:37,53.962355557933364,-1.082102543408737,0.104,usv,,221,e04d3f1c7e2c51e7edec63c4db150e9f,,,,2026-06-19 01:44:38.145634,
2026-06-19 01:44:37,49.60821,20.819721,43,cpm,,65128,654e9bef9be52bf4debfe14fa1bac009,49,,,2026-06-19 01:44:37.989629,
2026-06-19 01:43:34,52.4276,4.9711,22,cpm,"Waterland, NL",205,0ef91359b50e86d73df660baf3562aa6,,,,2026-06-19 01:44:37.782557,
2026-06-19 01:44:32,44.00155,-79.48695,25,cpm,,61367,e77f709b09598408b2da248b8469e1a5,,,,2026-06-19 01:44:33.544201,
2026-06-19 01:44:32,49.608211,20.819722,42,cpm,,65128,edc4e5e05de63f009261741cc2789185,49,,,2026-06-19 01:44:33.076908,
2026-06-19 01:44:30,45.60197,9.31745,36,cpm,,65109,f4f1f441b63991b59b691e199e1b2da0,0,,,2026-06-19 01:44:31.675215,
2026-06-19 01:43:30,52.4494,13.3127,24,cpm,"Berlin, DE",204,40bf25894cd60cb605b5267627a19543,,,,2026-06-19 01:44:31.039357,
2026-06-19 01:44:27,49.608212,20.819724,37,cpm,,65128,17f692b039e9651ed627011d59b1c3e5,49,,,2026-06-19 01:44:28.059135,
2026-06-19 01:44:22,49.608212,20.819727,36,cpm,,65128,774b2d9e4dbebec6cc28925a9b3165aa,49,,,2026-06-19 01:44:23.039931,
2026-06-19 01:44:21,37.494708,139.92604,32.2,celcius,,100369,84d4a30c50025d4574ed5ec2bad8fdae,219,,,2026-06-19 01:44:21.168452,
2026-06-19 01:44:20,37.494708,139.92604,13,cpm,,100362,ca0f7db10a9c0250c2fbbe7412f26ef3,219,,,2026-06-19 01:44:20.848036,
2026-06-19 01:44:20,37.494708,139.92604,35,cpm,,100361,dea4d9a14410da84ba88870e4b71f588,219,,,2026-06-19 01:44:20.51239,
2026-06-19 01:44:00,59.4397,25.5189,14,cpm,,,928e2fdc7f870dfd5228ebf686f81803,,,,2026-06-19 01:44:20.180584,
2026-06-19 01:43:08,51.0634,11.7586,18,cpm,"Sieglitz, DE",209,62e9bebcd192382b7652e8c17e34fe7a,,,,2026-06-19 01:44:19.873022,
2026-06-19 01:44:17,49.60821,20.819728,36,cpm,,65128,cda4f0e97d79b26f8d5db8e383fa9035,49,,,2026-06-19 01:44:18.024038,
2026-06-19 01:44:12,49.60821,20.819729,32,cpm,,65128,41e53ecddb3a2ef9a2a2dc7c3ecc7e2a,49,,,2026-06-19 01:44:13.007014,
2026-06-19 03:44:00.303027,51.397149,7.072127,17,211,,,04cdc51e9effafab8e9376f9cc1175bf,,,,2026-06-19 01:44:08.645378,
2026-06-19 01:44:07,49.608211,20.81973,31,cpm,,65128,00132242143009a670c668b7e0a4d579,49,,,2026-06-19 01:44:08.007668,
2026-06-19 01:44:02,49.608213,20.81973,31,cpm,,65128,7dcd2f1f14bdfe7b7cbafcebff04f9f0,49,,,2026-06-19 01:44:03.090499,
2026-06-19 01:44:00.072,51.108658,-0.218624,17,cpm,,279,333fde0b85b63ff87bc53b3f0f3e7913,,,,2026-06-19 01:44:00.580319,
2026-06-19 01:43:57,49.608217,20.819731,30,cpm,,65128,682d0333cae22ddb1dc0799d141c4a90,49,,,2026-06-19 01:43:58.066347,
2026-06-19 01:43:53.48,43.6045,1.444,17,cpm,,238,20ebad552eaf8f1d8ccb41a51a0a61bd,,,,2026-06-19 01:43:53.800451,
2026-06-19 01:43:52,49.60822,20.819729,30,cpm,,65128,131ace5f7c4c52248b10daabacbb7fac,49,,,2026-06-19 01:43:53.037334,
2026-06-19 01:43:47,49.608221,20.819725,27,cpm,,65128,0bad1efade17a8851af608460db70e3e,49,,,2026-06-19 01:43:48.042778,
2026-06-19 01:43:42,49.608221,20.819722,27,cpm,,65128,363b3a27e1b395be195dc60b9d247ab6,49,,,2026-06-19 01:43:43.115282,
2026-06-19 01:42:38,51.9807,9.2345,18,cpm,"Bad Pyrmont, DE",108,f43ac1c5619458097092fd4ae6d6ceb8,,,,2026-06-19 01:43:40.757081,
2026-06-19 01:43:40,53.962355557933364,-1.082102543408737,0.039,usv,,221,3cc79492539e2d57528a14f026484cc8,,,,2026-06-19 01:43:40.745765,
2026-06-19 01:43:37,49.608223,20.819721,24,cpm,,65128,c5b93d28339b43ae57e74322c8bd2037,49,,,2026-06-19 01:43:37.983778,
2026-06-19 01:42:33,52.4276,4.9711,21,cpm,"Waterland, NL",205,fab5f926c1853559f423485057da7539,,,,2026-06-19 01:43:34.361976,
2026-06-19 01:43:32,49.608227,20.819723,24,cpm,,65128,1e62850ea5b9f326641629d2e80883ee,49,,,2026-06-19 01:43:33.073859,
2026-06-19 01:42:29,52.4494,13.3127,21,cpm,"Berlin, DE",204,c2802b17ac2167b555d692a9e264cd7d,,,,2026-06-19 01:43:29.416946,
2026-06-19 01:43:27,49.608231,20.819726,27,cpm,,65128,b1911c8d34fca2924962e39d17abcde5,49,,,2026-06-19 01:43:28.053034,
2026-06-19 01:43:22,49.608235,20.819726,29,cpm,,65128,3ca3229486ecf5a6d7420b53d6e9f13c,49,,,2026-06-19 01:43:23.033183,
2026-06-19 01:43:17,49.60824,20.819725,31,cpm,,65128,bdea379d48fb698b10db0aceff2ba99f,49,,,2026-06-19 01:43:18.034072,
2026-06-19 01:43:12,34.48265,136.16314,52,cpm,,65127,86e7dc0a3dff362d88243c9773cebce8,0,,,2026-06-19 01:43:16.202288,
2026-06-19 01:43:12,49.608239,20.819724,34,cpm,,65128,25cff9448a3ff7b768053204ab2c2249,49,,,2026-06-19 01:43:13.012882,
2026-06-19 01:42:03,51.0634,11.7586,15,cpm,"Sieglitz, DE",209,7b2df92053d38f3cc447955e44b0d2d6,,,,2026-06-19 01:43:08.197391,
2026-06-19 01:43:07,49.608239,20.819724,34,cpm,,65128,7fa81249f49a548f70e39a4f9073590a,49,,,2026-06-19 01:43:07.998125,
2026-06-19 01:43:02,49.60824,20.819725,38,cpm,,65128,d9e6addb4f23ed264507e06cb03d40b3,49,,,2026-06-19 01:43:03.267324,
2026-06-19 01:42:59,59.4397,25.5189,15,cpm,,,83a27f1114eda43dbe34236448b96057,,,,2026-06-19 01:43:02.540818,
2026-06-19 01:42:56,49.608242,20.819724,40,cpm,,65128,e60aae2926d99cff2f718631a73113b0,49,,,2026-06-19 01:42:58.128865,
2026-06-19 01:42:52,49.608245,20.819723,43,cpm,,65128,8597e0210003a74238a07c112704e4e0,49,,,2026-06-19 01:42:53.031233,
2026-06-19 01:42:47,49.608249,20.819723,48,cpm,,65128,a125ebf5d0754d80a21680180554250f,49,,,2026-06-19 01:42:48.080526,
2026-06-19 01:42:45,34.48265,136.16314,40,cpm,,65002,084dbee57efbea25a2bd525898531d5b,0,,,2026-06-19 01:42:46.552133,
2026-06-19 01:42:42,49.608258,20.819724,45,cpm,,65128,48bfa1271eebd26fd416358f7e320f04,49,,,2026-06-19 01:42:43.106667,
2026-06-19 01:41:37,51.9807,9.2345,15,cpm,"Bad Pyrmont, DE",108,340b9af7313106a71176aed0e8704a21,,,,2026-06-19 01:42:38.312279,
2026-06-19 01:42:37,49.608266,20.819725,46,cpm,,65128,d1ca8c3046ca5ab8654d5afd679c2f36,49,,,2026-06-19 01:42:37.978877,
2026-06-19 01:42:36,53.962355557933364,-1.082102543408737,0.104,usv,,221,4be246917f08f09d6174d76a623a754d,,,,2026-06-19 01:42:37.213782,
2026-06-19 01:42:32,49.608275,20.819725,44,cpm,,65128,5b1c331b74c278e5844af5dc188715d6,49,,,2026-06-19 01:42:33.062668,
2026-06-19 01:41:25,52.4276,4.9711,26,cpm,"Waterland, NL",205,55e83416c7887770840722cdb9967bdd,,,,2026-06-19 01:42:33.025467,
2026-06-19 01:41:28,52.4494,13.3127,17,cpm,"Berlin, DE",204,b9242f8299522262f8cbfc08946980cb,,,,2026-06-19 01:42:28.970043,
2026-06-19 01:42:27,49.608278,20.819726,44,cpm,,65128,fd1ae515ef8e72ef52663b189f8af784,49,,,2026-06-19 01:42:28.458491,
2026-06-19 01:42:22,49.608285,20.819729,44,cpm,,65128,c0a9d3dfb30a59117743330cb69fb064,49,,,2026-06-19 01:42:23.046122,
2026-06-19 01:42:17,49.608288,20.819733,43,cpm,,65128,4e8941be890d5cd720dc7fb320dd049e,49,,,2026-06-19 01:42:18.015146,
2026-06-19 01:42:12,49.608288,20.819736,39,cpm,,65128,da7a0eb9dc4bb10c846e5ec319398e08,49,,,2026-06-19 01:42:13.018329,
2026-06-19 01:42:07,49.608285,20.819736,39,cpm,,65128,b1e2562442fbcb642893c44285c5cd9d,49,,,2026-06-19 01:42:08.106247,
2026-06-19 01:42:03,37.4932,139.93305,45,cpm,,101,bbaa58911792ea723455003681e36658,,,,2026-06-19 01:42:03.365132,
2026-06-19 01:42:02,49.60828,20.819733,34,cpm,,65128,66f4295b8e3dbfce1232f09e745106e1,49,,,2026-06-19 01:42:03.061138,
2026-06-19 01:40:58,51.0634,11.7586,17,cpm,"Sieglitz, DE",209,faf771ca3f43a45bb88c3335508455b0,,,,2026-06-19 01:42:02.046152,
2026-06-19 01:41:44,59.4397,25.5189,25,cpm,,,ddead86b1eb0003fb79b830044b48cad,,,,2026-06-19 01:42:00.836508,
2026-06-19 01:42:00.067,51.108658,-0.218624,14,cpm,,279,c8e95aee487fdc997b3a8938c86d2ecc,,,,2026-06-19 01:42:00.587869,
2026-06-19 01:41:57,49.608276,20.819734,30,cpm,,65128,e3a2e5cf3965fc366cb9e66c96d83f09,49,,,2026-06-19 01:41:58.040358,
2026-06-19 01:41:52,49.608273,20.819735,27,cpm,,65128,9aab80dc7a84fa743c287d51ddbb96eb,49,,,2026-06-19 01:41:53.02616,
2026-06-19 01:41:51.324,43.6045,1.444,31,cpm,,238,452a57e67b170e45ed3517b295230020,,,,2026-06-19 01:41:51.646822,
2026-06-19 01:41:47,49.608274,20.819735,28,cpm,,65128,8f61c851779d0f2ff93391ecc76e0996,49,,,2026-06-19 01:41:48.107981,
2026-06-19 01:41:42,49.608274,20.819735,29,cpm,,65128,e8fd71556433fb63924be462b93a1aa3,49,,,2026-06-19 01:41:42.997825,
2026-06-19 01:41:38,53.962355557933364,-1.082102543408737,0.104,usv,,221,f73e703a95a6b927fced612b7999d0c0,,,,2026-06-19 01:41:39.437588,
2026-06-19 01:41:37,49.608273,20.819732,28,cpm,,65128,27de06d5414b154476a1849c65751574,49,,,2026-06-19 01:41:38.022164,
2026-06-19 01:40:35,51.9807,9.2345,20,cpm,"Bad Pyrmont, DE",108,97e400522a33620c4a0b0747f0937a56,,,,2026-06-19 01:41:36.770689,
2026-06-19 01:41:34,42.49361,-70.86514,48,cpm,,65041,fc0cceff64e284f5f5a7299d0588c95f,0,,,2026-06-19 01:41:35.294974,
2026-06-19 01:41:32,39.0287,-76.5834,0.059,usv,,255,abbc2f5c0c3959d4773900ab7c01b88f,,,,2026-06-19 01:41:34.496701,
2026-06-19 01:41:32,49.608272,20.819732,30,cpm,,65128,46d9e2fdc4d882c0e0e68f1a62fb521f,49,,,2026-06-19 01:41:33.054828,
2026-06-19 01:40:28,52.4494,13.3127,19,cpm,"Berlin, DE",204,4e0f13ea4f3073c5334c41c7d4144e77,,,,2026-06-19 01:41:28.340345,
2026-06-19 01:41:26,49.608267,20.819731,34,cpm,,65128,791a5b9c9cb28b0c18a8e1de33159f38,49,,,2026-06-19 01:41:28.037263,
2026-06-19 01:40:24,52.4276,4.9711,26,cpm,"Waterland, NL",205,cc95fd86a567692480e5f5b19c2115f1,,,,2026-06-19 01:41:25.295482,
2026-06-19 01:41:22,49.608266,20.819733,33,cpm,,65128,ba1cae040e010da90d08eabc267863cb,49,,,2026-06-19 01:41:23.078969,
2026-06-19 01:41:20.528787,44.3292,3.05828,0.12,usv,,0,bcd55c5a5a6c9a904aef47a61da25386,,,,2026-06-19 01:41:21.141301,
2026-06-19 01:41:19.724925,44.3292,3.05828,24,cpm,,0,fa355951707a6608468b0bb0200ccb7f,,,,2026-06-19 01:41:20.422188,
2026-06-19 01:41:17,49.608267,20.819735,32,cpm,,65128,6c825ede3cfbf45d020a5f84a1deac9b,49,,,2026-06-19 01:41:18.106124,
2026-06-19 01:41:12,49.608267,20.819736,33,cpm,,65128,517c783024e50c286dba1c68a54afbd3,49,,,2026-06-19 01:41:13.086462,
2026-06-19 01:41:07,49.608266,20.819736,30,cpm,,65128,a83973993bec0586b77913c5943f2773,49,,,2026-06-19 01:41:08.171741,
2026-06-19 01:41:04,31.833193,130.301922,31.9,status,,100229,2081e2b023cd8e8f16df9839d2ab2386,13,,,2026-06-19 01:41:04.376488,
2026-06-19 01:41:03,31.833193,130.301922,15,cpm,,100222,fc5f17f3d690398545104ba17a436961,13,,,2026-06-19 01:41:03.804655,
2026-06-19 01:41:03,31.833193,130.301922,31,cpm,,100221,ef7faf6f2638047cca45b777bd2686d4,13,,,2026-06-19 01:41:03.223321,
2026-06-19 01:41:02,49.608265,20.819737,31,cpm,,65128,7282ba0455270fee96843cad9d33a983,49,,,2026-06-19 01:41:03.055897,
2026-06-19 01:40:43,59.4397,25.5189,28,cpm,,,c66e6d9fc39e317bdbb22f07900f989a,,,,2026-06-19 01:40:58.277447,
2026-06-19 01:40:57,49.608265,20.819736,31,cpm,,65128,d0d831281e996c42f81ec580fe5259ad,49,,,2026-06-19 01:40:58.03751,
2026-06-19 01:39:56,51.0634,11.7586,21,cpm,"Sieglitz, DE",209,6997aeb7240e1b97cd0790c83b92768d,,,,2026-06-19 01:40:57.799542,
2026-06-19 01:40:52,49.608263,20.819737,33,cpm,,65128,3e7062f691885f2ba7aecf11464217a7,49,,,2026-06-19 01:40:53.020861,
2026-06-19 01:40:47,49.608262,20.819736,30,cpm,,65128,b827e7f2004e83fdd6c65af5a9f24ab5,49,,,2026-06-19 01:40:48.104575,
2026-06-19 01:40:42,49.608259,20.819737,31,cpm,,65128,f726f0028e587d848392a5dfe5947fa3,49,,,2026-06-19 01:40:43.088893,
2026-06-19 01:40:37,53.962355557933364,-1.082102543408737,0.1105,usv,,221,495eb18b72bbdbb46a4e0f49b6e83dae,,,,2026-06-19 01:40:38.179583,
2026-06-19 01:40:37,49.608258,20.819738,32,cpm,,65128,312a4328d94cae1ed6302254c636ce4f,49,,,2026-06-19 01:40:38.069529,
2026-06-19 01:39:34,51.9807,9.2345,16,cpm,"Bad Pyrmont, DE",108,7a1234e1552f89dbeee475e76ed5bb23,,,,2026-06-19 01:40:35.144475,
2026-06-19 01:40:32,49.608258,20.819738,28,cpm,,65128,aa84752a4f938b0e056305208d90f21f,49,,,2026-06-19 01:40:33.048267,
2026-06-19 01:39:27,52.4494,13.3127,13,cpm,"Berlin, DE",204,2034d6bea5c13c465ca2db4d1e6ef4ae,,,,2026-06-19 01:40:28.138467,
2026-06-19 01:40:27,49.608258,20.81974,22,cpm,,65128,17045510ede70eed81618978055e70e4,49,,,2026-06-19 01:40:28.03284,
2026-06-19 01:39:23,52.4276,4.9711,19,cpm,"Waterland, NL",205,58c3585148c5b45b90b0e24ac73e12bd,,,,2026-06-19 01:40:23.855636,
2026-06-19 01:40:22,49.608257,20.81974,25,cpm,,65128,206685ef637e396b61072125f272a57e,49,,,2026-06-19 01:40:23.017707,
2026-06-19 01:40:17,49.608257,20.819741,26,cpm,,65128,679cd14b788554fa9bb7d57bbc1c35bd,49,,,2026-06-19 01:40:18.116261,
2026-06-19 01:40:12,49.608258,20.819742,28,cpm,,65128,27a6f03b7abe3f6cc18b002b3c91122a,49,,,2026-06-19 01:40:13.082482,
2026-06-19 01:40:07,49.608261,20.819741,30,cpm,,65128,108f40e01ef774ab3f56a610617e8678,49,,,2026-06-19 01:40:08.06428,
2026-06-19 01:40:02,49.608262,20.81974,28,cpm,,65128,441a38e8b47b109b91851e458c70d832,49,,,2026-06-19 01:40:03.049338,
2026-06-19 01:40:00.067,51.108658,-0.218624,21,cpm,,279,baee25966443adbbfc6d30ada550043c,,,,2026-06-19 01:40:00.569217,
2026-06-19 01:39:57,49.60826,20.819735,29,cpm,,65128,cbffb9809a737d8b5c8d18955a9468f5,49,,,2026-06-19 01:39:58.054645,
2026-06-19 01:39:43,59.4397,25.5189,21,cpm,,,5f5a6d3dde104e325863be0046abcf2f,,,,2026-06-19 01:39:56.839049,
2026-06-19 01:38:53,51.0634,11.7586,14,cpm,"Sieglitz, DE",209,bcf359355a419f3c41da918c9e49d5be,,,,2026-06-19 01:39:55.708538,
2026-06-19 01:39:52,49.608259,20.819733,29,cpm,,65128,cefe00807f4b0fe9764f8679ba856ce2,49,,,2026-06-19 01:39:53.050171,
2026-06-19 01:39:49.091,43.6045,1.444,19,cpm,,238,79feab44c6f67b18c86c3e108f4f2662,,,,2026-06-19 01:39:49.480195,
2026-06-19 01:39:47,49.608259,20.819735,30,cpm,,65128,4fb19a5c1d85c5eff2ebeb9a2594a8d9,49,,,2026-06-19 01:39:48.040245,
2026-06-19 01:39:42,49.608259,20.819735,31,cpm,,65128,203b320658ff2e89600674ac7c25d356,49,,,2026-06-19 01:39:43.014833,
2026-06-19 01:39:37,49.608259,20.819737,31,cpm,,65128,de91d7132a684e299033c54f2ce57d3a,49,,,2026-06-19 01:39:38.1425,
2026-06-19 01:39:33,32.7936,35.0057,104.4,cpm,,273997337,0a667377a1a9ca693fc88798743c03e1,100,,,2026-06-19 01:39:37.000285,
2026-06-19 01:39:35,53.962355557933364,-1.082102543408737,0.143,usv,,221,02bc849add2ae8a37b94348ffbcb386b,,,,2026-06-19 01:39:35.670224,
2026-06-19 01:38:32,51.9807,9.2345,17,cpm,"Bad Pyrmont, DE",108,d3b18086ea89d63a4c70c04fb8ee0c92,,,,2026-06-19 01:39:34.39959,
2026-06-19 01:39:32,49.60826,20.819738,32,cpm,,65128,f40c52b537eb756e6eaedba707de9b66,49,,,2026-06-19 01:39:33.059647,
2026-06-19 01:39:30,44.00148,-79.48697,16,cpm,,61367,8d97573ca9094b1410f981248396279f,,,,2026-06-19 01:39:31.867652,
2026-06-19 01:39:30,45.60197,9.31745,32,cpm,,65109,2c9e75be200028836125809af69d1bfe,0,,,2026-06-19 01:39:31.78156,
2026-06-19 01:39:27,49.60826,20.819739,33,cpm,,65128,aa1541c0616f4b6bf104658ecc4c93b1,49,,,2026-06-19 01:39:28.103161,
2026-06-19 01:38:26,52.4494,13.3127,13,cpm,"Berlin, DE",204,47f2fdf6f153295a3cbeebbac7722a0e,,,,2026-06-19 01:39:26.921375,
2026-06-19 01:39:22,49.608258,20.819737,30,cpm,,65128,60e72005b746462020690c8e51d9e032,49,,,2026-06-19 01:39:23.110616,
2026-06-19 01:38:22,52.4276,4.9711,23,cpm,"Waterland, NL",205,e78f5343c4006c6e33d847516bc2d5aa,,,,2026-06-19 01:39:22.665616,
2026-06-19 01:39:17,49.608256,20.819734,28,cpm,,65128,3457beff255027737998fe2500b1ff6d,49,,,2026-06-19 01:39:18.094251,
2026-06-19 01:39:17,37.494708,139.92604,32.1,celcius,,100369,3de21764702fc24195680a482cc615d0,219,,,2026-06-19 01:39:18.011429,
2026-06-19 01:39:17,37.494708,139.92604,13,cpm,,100362,e2b93c15cecb0c16d566f5a409a9926d,219,,,2026-06-19 01:39:17.65171,
2026-06-19 01:39:17,37.494708,139.92604,36,cpm,,100361,a29b3923383722a1cb42a11cc0c64871,219,,,2026-06-19 01:39:17.285598,
2026-06-19 01:39:12,49.608256,20.819735,25,cpm,,65128,e68718cde7e20212ec0709c800b63b7b,49,,,2026-06-19 01:39:13.074933,
2026-06-19 01:39:07,49.608257,20.819737,25,cpm,,65128,090bb29a046420b3b783ea2fb1934d51,49,,,2026-06-19 01:39:08.138588,
2026-06-19 01:39:02,49.608253,20.819735,32,cpm,,65128,13a2aec74ab6e53b733e0e9a204a0064,49,,,2026-06-19 01:39:03.044929,
2026-06-19 01:38:57,49.60825,20.819735,33,cpm,,65128,2d796693ad707279000303d4ddc30a91,49,,,2026-06-19 01:38:58.021297,
2026-06-19 01:38:42,59.4397,25.5189,25,cpm,,,016588233815267347be2751c4b62020,,,,2026-06-19 01:38:55.350749,
2026-06-19 01:38:52,49.60825,20.819737,33,cpm,,65128,39f4d80154be2c53b1a08bba976340ee,49,,,2026-06-19 01:38:53.034676,
2026-06-19 01:37:51,51.0634,11.7586,17,cpm,"Sieglitz, DE",209,43ae4b2adcee0a44a3dc6c27b2ca3ad4,,,,2026-06-19 01:38:52.692037,
2026-06-19 01:38:47,49.60825,20.819738,31,cpm,,65128,27934471df13753607797f5fba6c762d,49,,,2026-06-19 01:38:48.096298,
2026-06-19 01:38:42,49.60825,20.819738,31,cpm,,65128,91961d85be8142a6964e6f7270df8cf7,49,,,2026-06-19 01:38:42.968849,
2026-06-19 01:38:36,49.608248,20.819738,29,cpm,,65128,c56a805dfff9a5c0396addae969c1d63,49,,,2026-06-19 01:38:38.105516,
2026-06-19 01:38:34,53.962355557933364,-1.082102543408737,0.1105,usv,,221,aa3ff299c8dc8a047368798ae8babbf0,,,,2026-06-19 01:38:35.206658,
2026-06-19 01:38:32,49.608246,20.819737,28,cpm,,65128,e8fcbb203ba78d38a41a08571c09c0d2,49,,,2026-06-19 01:38:33.034813,
2026-06-19 01:37:28,51.9807,9.2345,18,cpm,"Bad Pyrmont, DE",108,7b8187521bf7fb4b65706e15b6c996c6,,,,2026-06-19 01:38:31.644626,
2026-06-19 01:38:27,49.608241,20.819736,30,cpm,,65128,84d9cb37fd3c28a006c8adbf09f8e224,49,,,2026-06-19 01:38:28.023736,
2026-06-19 01:37:26,52.4494,13.3127,11,cpm,"Berlin, DE",204,972981bb5d726d3b98d30c26b961c94b,,,,2026-06-19 01:38:26.354365,
2026-06-19 01:38:22,49.608237,20.819736,28,cpm,,65128,aadb493aa37e116e49842bb189d864ca,49,,,2026-06-19 01:38:23.000674,
2026-06-19 01:37:20,52.4276,4.9711,22,cpm,"Waterland, NL",205,fa37546adb1536c7b6e82e67bbd18afa,,,,2026-06-19 01:38:22.029582,
2026-06-19 01:38:11,34.48265,136.16314,51,cpm,,65127,1b2f0b365c97532850c6712c7900d834,0,,,2026-06-19 01:38:19.149961,
2026-06-19 01:38:17,49.608231,20.819736,29,cpm,,65128,2398258cfbfaaa76018f0ab403ba9c81,49,,,2026-06-19 01:38:18.086952,
2026-06-19 01:38:12,49.60823,20.819738,32,cpm,,65128,9e8b37fd752943843dad741d8f119480,49,,,2026-06-19 01:38:13.06977,
2026-06-19 01:38:07,49.608227,20.819743,35,cpm,,65128,e24ee12ff78bd8e2e389ac38382da7f2,49,,,2026-06-19 01:38:08.0859,
2026-06-19 01:38:02,49.608224,20.819747,28,cpm,,65128,a04408e720033bd0124191c880768aa7,49,,,2026-06-19 01:38:03.033078,
2026-06-19 01:38:00.064,51.108658,-0.218624,21,cpm,,279,ad12b8a1160e041728b5cd3b778bec8b,,,,2026-06-19 01:38:00.57635,
2026-06-19 01:37:57,49.608222,20.819746,28,cpm,,65128,888c95cb1670504f05bd1634381cd8c3,49,,,2026-06-19 01:37:58.017439,
2026-06-19 01:37:42,59.4397,25.5189,26,cpm,,,19cf36cfb07f4517b950f490779a1cec,,,,2026-06-19 01:37:53.841406,
2026-06-19 01:37:52,49.60822,20.819741,27,cpm,,65128,3a2f834c0340ba5013d8423d29a3fb53,49,,,2026-06-19 01:37:53.157456,
2026-06-19 01:36:49,51.0634,11.7586,25,cpm,"Sieglitz, DE",209,c2744aa42457a060263cae816c07e846,,,,2026-06-19 01:37:50.501675,
2026-06-19 01:37:47,49.608214,20.819736,25,cpm,,65128,f9076c0aa6b0d527263897e5a1ee932c,49,,,2026-06-19 01:37:47.980538,
2026-06-19 01:37:46.945,43.6045,1.444,19,cpm,,238,e1f6a3216ac876e5320204f2e180b4ff,,,,2026-06-19 01:37:47.263662,
2026-06-19 01:37:43,34.48265,136.16314,43,cpm,,65002,91ef29be83239cd1d392e496b51dc97b,0,,,2026-06-19 01:37:46.487682,
2026-06-19 01:37:42,49.608217,20.81974,25,cpm,,65128,e177b3243679b7d959e0c12e8fff921b,49,,,2026-06-19 01:37:43.067758,
2026-06-19 01:37:37,49.608226,20.819753,31,cpm,,65128,2f648d7c1c9a5aaa1961abaca487c97c,49,,,2026-06-19 01:37:38.057025,
2026-06-19 01:37:34,53.962355557933364,-1.082102543408737,0.1495,usv,,221,b110ce2138eda001a8cf134be5734a5f,,,,2026-06-19 01:37:34.577956,
2026-06-19 01:37:32,49.608228,20.81976,34,cpm,,65128,43112236aae6d11944fa3730de67dcb9,49,,,2026-06-19 01:37:33.071063,
2026-06-19 01:36:27,51.9807,9.2345,21,cpm,"Bad Pyrmont, DE",108,ce16eed17801811d96b1a99d2ab7e2b8,,,,2026-06-19 01:37:28.23829,
2026-06-19 01:37:26,49.608224,20.819757,34,cpm,,65128,9827c31b0f7590aa98155f6ba69e9476,49,,,2026-06-19 01:37:28.037271,
2026-06-19 01:36:25,52.4494,13.3127,17,cpm,"Berlin, DE",204,8a9269643a3372fa5070fbe3baa95911,,,,2026-06-19 01:37:25.930284,
2026-06-19 01:37:22,49.608223,20.819757,37,cpm,,65128,db6a4fcd5c815a2da9546105f28f06af,49,,,2026-06-19 01:37:23.097819,
2026-06-19 01:34:09,52.4276,4.9711,23,cpm,"Waterland, NL",205,8b162199c05531b9823b536280957cd7,,,,2026-06-19 01:37:20.372048,
2026-06-19 01:37:17,49.608228,20.819755,37,cpm,,65128,f8a34e5af0c804fd083ec3d511ea6617,49,,,2026-06-19 01:37:17.981769,
2026-06-19 01:37:12,49.608233,20.819757,36,cpm,,65128,6737fc9691934e374d832787c77322d4,49,,,2026-06-19 01:37:13.081398,
2026-06-19 01:37:07,49.608235,20.819761,34,cpm,,65128,4203e0effee974ae25d13df790a303e9,49,,,2026-06-19 01:37:08.045717,
2026-06-19 01:37:03,37.4932,139.93305,50,cpm,,101,f1047897764dd1bf129d0f712ca6f232,,,,2026-06-19 01:37:03.221748,
2026-06-19 01:37:02,49.608236,20.819758,36,cpm,,65128,55a0d4cff6d106d08aa59a41ce66b416,49,,,2026-06-19 01:37:03.026449,
2026-06-19 01:36:57,49.608236,20.819756,35,cpm,,65128,3f0f8ebd5a3f8a2759857ac9dbc795ec,49,,,2026-06-19 01:36:58.012249,
2026-06-19 01:36:52,49.608237,20.819755,38,cpm,,65128,692bbdcf51438f932894240b6f0abbdd,49,,,2026-06-19 01:36:52.995757,
2026-06-19 01:36:41,59.4397,25.5189,27,cpm,,,7a1338ac9d91d2057bd7ac2401446d9c,,,,2026-06-19 01:36:52.324315,
2026-06-19 01:35:47,51.0634,11.7586,30,cpm,"Sieglitz, DE",209,56e4b12645ad936121faaa43dfd48633,,,,2026-06-19 01:36:48.550772,
2026-06-19 01:36:47,49.608236,20.819754,39,cpm,,65128,9d9556d35fe90e80f6f9963239c52b51,49,,,2026-06-19 01:36:48.121753,
2026-06-19 01:36:42,49.608234,20.819754,39,cpm,,65128,e9e6817cb9c4fecca5f98204c0464c89,49,,,2026-06-19 01:36:43.059229,
2026-06-19 01:36:37,49.608235,20.819754,38,cpm,,65128,7bdcf2663aa511b2456e0b2e3fe88c5c,49,,,2026-06-19 01:36:38.135776,
2026-06-19 01:36:37,53.962355557933364,-1.082102543408737,0.1756,usv,,221,ae98f02a14285b2fb4f503e9a36d0ede,,,,2026-06-19 01:36:37.752012,
2026-06-19 01:36:34,42.49361,-70.86514,37,cpm,,65041,8548e794464934f15d2d6d26e20250e5,0,,,2026-06-19 01:36:35.125152,
2026-06-19 01:36:32,49.608236,20.819753,37,cpm,,65128,db94a74e4455af0079fbb61ae71c174a,49,,,2026-06-19 01:36:33.057234,
2026-06-19 01:36:29,39.0287,-76.5834,0.074,usv,,255,36c9502bc06a78b82904b450e17d7f0d,,,,2026-06-19 01:36:31.196515,
2026-06-19 01:36:27,49.608238,20.819752,39,cpm,,65128,e284c646b69c16faef01b92d44461ad3,49,,,2026-06-19 01:36:28.109348,
2026-06-19 01:35:23,51.9807,9.2345,21,cpm,"Bad Pyrmont, DE",108,8a7e0579f1cd44aa6f6aacfc2e084a88,,,,2026-06-19 01:36:26.540974,
2026-06-19 01:35:25,52.4494,13.3127,19,cpm,"Berlin, DE",204,fb5f159550c4576919f4fd304f6b226b,,,,2026-06-19 01:36:25.406815,
2026-06-19 01:36:22,49.608239,20.819749,37,cpm,,65128,174ace505ee1c7784aa4045e9bfe247d,49,,,2026-06-19 01:36:22.989375,
2026-06-19 01:36:19.912664,44.3292,3.05828,0.125,usv,,0,49f1a062de173af0918217f9ab636fce,,,,2026-06-19 01:36:20.488124,
2026-06-19 01:36:19.088141,44.3292,3.05828,25,cpm,,0,104d11ddc210eeaf3d0fa4f7e9707653,,,,2026-06-19 01:36:19.805298,
2026-06-19 01:36:17,49.608241,20.819746,40,cpm,,65128,af7050e3b9732c124acb3e572510baaf,49,,,2026-06-19 01:36:18.219959,
2026-06-19 01:36:12,49.608239,20.819744,39,cpm,,65128,875d9c223bc97ced60f56724a8e61c52,49,,,2026-06-19 01:36:13.057192,
2026-06-19 01:36:07,49.608237,20.819742,41,cpm,,65128,8671d9734f50ea99fa0f0c492cad2fea,49,,,2026-06-19 01:36:08.038658,
2026-06-19 01:36:02,49.608235,20.81974,42,cpm,,65128,281eb4fe75e984176e3a12bf56609f28,49,,,2026-06-19 01:36:03.026002,
2026-06-19 01:36:01,31.833193,130.301922,31.8,status,,100229,6b7eaf5a0e5c5cd48a11811bacde0d1f,13,,,2026-06-19 01:36:01.242884,
2026-06-19 01:36:00,31.833193,130.301922,14,cpm,,100222,37fcf6d5f737587d373101d1e57feec3,13,,,2026-06-19 01:36:00.649457,
2026-06-19 01:36:00.07,51.108658,-0.218624,19,cpm,,279,d5a2416140e8edc215038e0c3792e4b6,,,,2026-06-19 01:36:00.60029,
2026-06-19 01:35:59,31.833193,130.301922,29,cpm,,100221,6c610bdf48c86af021710faec2d9def9,13,,,2026-06-19 01:36:00.032784,
2026-06-19 01:35:57,49.608233,20.819739,42,cpm,,65128,b502a33f5178fd11c985ae5f4d5893a3,49,,,2026-06-19 01:35:58.106838,
2026-06-19 01:35:52,49.60823,20.819736,39,cpm,,65128,aab9122f2a6aa10af9e82cb687e58778,49,,,2026-06-19 01:35:53.088415,
2026-06-19 01:35:41,59.4397,25.5189,25,cpm,,,4efa9e78401ae52731019321df8953ac,,,,2026-06-19 01:35:50.879722,
2026-06-19 01:35:47,49.608228,20.819733,44,cpm,,65128,e3d5752d5e20714713b956af6deedd3b,49,,,2026-06-19 01:35:48.071799,
2026-06-19 01:34:45,51.0634,11.7586,18,cpm,"Sieglitz, DE",209,29bb74c2e923a60df2a2a1631270bfc3,,,,2026-06-19 01:35:46.882582,
2026-06-19 01:35:44.73,43.6045,1.444,21,cpm,,238,c9cb305b155c820d68e1b9d906324dc7,,,,2026-06-19 01:35:45.042473,
2026-06-19 01:35:42,49.608227,20.819732,45,cpm,,65128,91aabba87040f78d3da54f32b0050635,49,,,2026-06-19 01:35:43.054188,
2026-06-19 01:35:37,49.608231,20.819731,43,cpm,,65128,e506d0cf451b46d7d50b855f997d2ea7,49,,,2026-06-19 01:35:38.033923,
2026-06-19 01:35:33,53.962355557933364,-1.082102543408737,0.143,usv,,221,f463516d8abd8207fb47e9e304fe1d92,,,,2026-06-19 01:35:33.641697,
2026-06-19 01:35:32,49.608235,20.819729,43,cpm,,65128,6ef29b9347d3ade1b978df6e0f8e05dc,49,,,2026-06-19 01:35:33.020726,
2026-06-19 01:35:27,49.608238,20.819728,39,cpm,,65128,60cd34fdf79a52aa4ab2901b7d48fe79,49,,,2026-06-19 01:35:28.102267,
2026-06-19 01:34:24,52.4494,13.3127,21,cpm,"Berlin, DE",204,3e144919ab6f9dad05f2850706bfb908,,,,2026-06-19 01:35:25.231328,
2026-06-19 01:35:22,49.608236,20.819727,39,cpm,,65128,88e77bc16910c40b3b359d291c6bceb6,49,,,2026-06-19 01:35:22.982489,
2026-06-19 01:34:22,51.9807,9.2345,16,cpm,"Bad Pyrmont, DE",108,be8053b504ed88b82def1204eb576843,,,,2026-06-19 01:35:22.844066,
2026-06-19 01:35:17,49.608233,20.819726,36,cpm,,65128,517e3425d9ec207aae55204f7def49e8,49,,,2026-06-19 01:35:18.066828,
2026-06-19 01:35:12,49.608233,20.819723,36,cpm,,65128,10b07b63012cd45e84792e6f996ade2b,49,,,2026-06-19 01:35:13.133237,
2026-06-19 01:35:07,49.608236,20.819721,36,cpm,,65128,bf0433e3d3ee68e352f82889bd76c342,49,,,2026-06-19 01:35:08.030916,
2026-06-19 01:35:02,49.608239,20.819719,36,cpm,,65128,d2095c346019660ba5fed7470dcd7cc8,49,,,2026-06-19 01:35:03.016247,
2026-06-19 01:34:33,32.7936,35.0057,114.2,cpm,,273997337,10a1c256f8244c05135b4a7fc322494a,100,,,2026-06-19 01:34:58.508522,
2026-06-19 01:34:57,49.608242,20.81972,41,cpm,,65128,16a2017f17c5db610758d26a896a8e44,49,,,2026-06-19 01:34:58.094988,
2026-06-19 01:34:52,49.608245,20.819722,45,cpm,,65128,526b70e8727b9627a3bba82e764ca0b4,49,,,2026-06-19 01:34:53.300776,
2026-06-19 01:34:25,59.4397,25.5189,18,cpm,,,79036343675b89ef63bc522bc4b7ac1d,,,,2026-06-19 01:34:49.382498,
2026-06-19 01:34:47,49.608242,20.819722,40,cpm,,65128,1bbad29fc3e02a8af773ab1a444648ec,49,,,2026-06-19 01:34:48.067328,
2026-06-19 01:33:43,51.0634,11.7586,16,cpm,"Sieglitz, DE",209,239c8bdbba98f5eb4a7b5fe15f058264,,,,2026-06-19 01:34:45.278072,
2026-06-19 01:34:42,49.608237,20.819723,37,cpm,,65128,d8c1c2c22ba246fb6ca96b9b5dba0f68,49,,,2026-06-19 01:34:43.137426,
2026-06-19 01:34:37,49.608234,20.819723,36,cpm,,65128,96140122f1e1710dceddf56ab286eeb5,49,,,2026-06-19 01:34:38.070884,
2026-06-19 01:34:34,53.962355557933364,-1.082102543408737,0.117,usv,,221,9dd1510a2b3d3bcdf77e1a053ef9961f,,,,2026-06-19 01:34:35.178606,
2026-06-19 01:34:32,49.608235,20.819722,35,cpm,,65128,17a774ebae51da9efeba72454e4c9cc1,49,,,2026-06-19 01:34:33.113738,
2026-06-19 01:34:30,45.60197,9.31745,45,cpm,,65109,b595fea3c43f72bbf0e83d9c4efc469a,0,,,2026-06-19 01:34:31.70482,
2026-06-19 01:34:29,44.00154,-79.48696,26,cpm,,61367,74b2017fd0f2eaf24779c400f950f8d3,,,,2026-06-19 01:34:30.510555,
2026-06-19 01:34:27,49.60824,20.81972,39,cpm,,65128,e1c2c4915c245193720d491dc69af515,49,,,2026-06-19 01:34:27.99242,
2026-06-19 01:33:23,52.4494,13.3127,22,cpm,"Berlin, DE",204,75c02bc1b5da73fdecb6c1f538bae7ce,,,,2026-06-19 01:34:24.041465,
2026-06-19 01:34:22,49.608245,20.819717,40,cpm,,65128,d3b8d9975112c69f0320811b7182aa85,49,,,2026-06-19 01:34:22.995139,
2026-06-19 01:33:20,51.9807,9.2345,15,cpm,"Bad Pyrmont, DE",108,21ad73119ab7059f2e3b0b445b7a8080,,,,2026-06-19 01:34:21.98727,
2026-06-19 01:34:17,49.608246,20.819716,43,cpm,,65128,230e066587f4b7e8d79f0c32d6a9a1f7,49,,,2026-06-19 01:34:18.06432,
2026-06-19 01:34:14,37.494708,139.92604,31.9,celcius,,100369,53c3ce24d456dd71de5db2d08669c5a2,219,,,2026-06-19 01:34:14.702848,
2026-06-19 01:34:14,37.494708,139.92604,18,cpm,,100362,9cf5cf0f461d8c4545ee8665a073861c,219,,,2026-06-19 01:34:14.139411,
2026-06-19 01:34:13,37.494708,139.92604,35,cpm,,100361,d4f4c26517bb5f79b863ea2d1f51cf4b,219,,,2026-06-19 01:34:13.64602,
2026-06-19 01:34:12,49.608246,20.819716,42,cpm,,65128,e937fbeee49e7b17750d3af5e128b7f9,49,,,2026-06-19 01:34:13.043055,
2026-06-19 01:34:07,49.608245,20.819716,40,cpm,,65128,13a55e6582658eca02bc0b4ce9ddcb0a,49,,,2026-06-19 01:34:08.562354,
2026-06-19 01:33:00,52.4276,4.9711,21,cpm,"Waterland, NL",205,6699ef5f15be0ae53dc67125935a2025,,,,2026-06-19 01:34:08.089659,
2026-06-19 01:34:02,49.608245,20.819714,41,cpm,,65128,b355cf816edecaac9b0c43b93cce8c30,49,,,2026-06-19 01:34:03.017605,
2026-06-19 01:34:00.092,51.108658,-0.218624,24,cpm,,279,89a35cc61c846ea1e9bd35c60ba021a3,,,,2026-06-19 01:34:00.708602,
2026-06-19 03:33:49.657057,51.397149,7.072127,18,211,,,48a6289954b32a0a8b95e339db4288fc,,,,2026-06-19 01:33:58.579013,
2026-06-19 01:33:57,49.608249,20.819712,38,cpm,,65128,880dd06b1347b9ea6876d24883e210cd,49,,,2026-06-19 01:33:57.990797,
2026-06-19 01:33:52,49.608249,20.819712,38,cpm,,65128,77bd67eea21561835509c5daeada00ff,49,,,2026-06-19 01:33:52.980482,
2026-06-19 01:33:47,49.608248,20.819714,42,cpm,,65128,dbed5130f58cdbd3b3387af2a159bf94,49,,,2026-06-19 01:33:48.057904,
2026-06-19 01:32:42,51.0634,11.7586,14,cpm,"Sieglitz, DE",209,d9d3916849e7b544a4229bed924d4027,,,,2026-06-19 01:33:43.474414,
2026-06-19 01:33:42,49.608245,20.819718,44,cpm,,65128,21ae1475238ed9466e57e3e12c2ab37f,49,,,2026-06-19 01:33:43.050069,
2026-06-19 01:33:42.534,43.6045,1.444,19,cpm,,238,ddcb12d7d00ddc2e5f5f9953d034d909,,,,2026-06-19 01:33:42.852802,
2026-06-19 01:33:37,49.608242,20.81972,47,cpm,,65128,76fc9e5ad77fa9607acfd94c40a62a1f,49,,,2026-06-19 01:33:38.023888,
2026-06-19 01:33:33,53.962355557933364,-1.082102543408737,0.1105,usv,,221,ef9de419ae5de1d759cfb827ce2a40d0,,,,2026-06-19 01:33:33.85704,
2026-06-19 01:33:25,59.4397,25.5189,21,cpm,,,8918819eba678b96eec44a21b41f1842,,,,2026-06-19 01:33:33.374887,
2026-06-19 01:33:32,49.608242,20.819719,55,cpm,,65128,5b16c64509cde235996f9bcd8776357a,49,,,2026-06-19 01:33:33.0081,
2026-06-19 01:33:27,49.608241,20.819719,51,cpm,,65128,62f7b781d0b4ff9a04165e7e701b3c16,49,,,2026-06-19 01:33:28.096656,
2026-06-19 01:33:22,49.608239,20.81972,53,cpm,,65128,66bbb95f02637ace2d6689603d07f784,49,,,2026-06-19 01:33:23.070284,
2026-06-19 01:32:22,52.4494,13.3127,19,cpm,"Berlin, DE",204,4fccac4748bbf5888c61956424c7199d,,,,2026-06-19 01:33:22.851928,
2026-06-19 01:32:19,51.9807,9.2345,16,cpm,"Bad Pyrmont, DE",108,98e219c96716c2fcc6cce60891060611,,,,2026-06-19 01:33:20.048719,
2026-06-19 01:33:17,49.608236,20.819722,50,cpm,,65128,386bb509aff6e224c5caec6e236b897b,49,,,2026-06-19 01:33:18.075804,
2026-06-19 01:33:11,34.48265,136.16314,36,cpm,,65127,446442110ac2ef935f493c3021663386,0,,,2026-06-19 01:33:15.819489,
2026-06-19 01:33:12,49.608233,20.819724,49,cpm,,65128,9643a255bc18945068d15782303608f4,49,,,2026-06-19 01:33:13.045287,
2026-06-19 01:33:07,49.608232,20.819726,53,cpm,,65128,519e35367e0ac96ac8c5ba035d5a591b,49,,,2026-06-19 01:33:08.021935,
2026-06-19 01:33:02,49.608228,20.819725,52,cpm,,65128,c700cf9aa9aa20a3058ae95d5494ab31,49,,,2026-06-19 01:33:03.042291,
2026-06-19 01:31:59,52.4276,4.9711,25,cpm,"Waterland, NL",205,65280f78416b937a877066575ea769e6,,,,2026-06-19 01:33:00.326542,
2026-06-19 01:32:57,49.608223,20.819722,50,cpm,,65128,19ce6f796954e93c41ff7d2f32b79898,49,,,2026-06-19 01:32:59.223606,
2026-06-19 01:32:52,49.608221,20.819722,45,cpm,,65128,bab0e68b1a954d8a3e3872002327d04e,49,,,2026-06-19 01:32:53.068817,
2026-06-19 01:32:47,49.608223,20.819725,45,cpm,,65128,45cfa08e673ef9c7213baab0cc2b8ecf,49,,,2026-06-19 01:32:48.049648,
2026-06-19 01:32:45,34.48265,136.16314,58,cpm,,65002,04fefe239296e87330b99ec28a5ffd53,0,,,2026-06-19 01:32:46.552559,
2026-06-19 01:32:42,49.608227,20.819728,48,cpm,,65128,ea89fbc38eefb68b24e815e349303f02,49,,,2026-06-19 01:32:43.041696,
2026-06-19 01:31:40,51.0634,11.7586,11,cpm,"Sieglitz, DE",209,064e7ab9aa7291fcb7dd8c98b3e2cd65,,,,2026-06-19 01:32:41.657685,
2026-06-19 01:32:37,49.60823,20.81973,45,cpm,,65128,d00c6de5a6b15643fe9ba8aebd7df2a2,49,,,2026-06-19 01:32:38.03774,
2026-06-19 01:32:33,53.962355557933364,-1.082102543408737,0.0975,usv,,221,4b72101db6e455f038e08959fff44f0f,,,,2026-06-19 01:32:34.181835,
2026-06-19 01:32:32,49.608232,20.819731,36,cpm,,65128,9a4c3ed35a6e1773df8af28ce8ebd284,49,,,2026-06-19 01:32:33.077958,
2026-06-19 01:32:24,59.4397,25.5189,30,cpm,,,b7cb190dd75d930099d8585a0aec903c,,,,2026-06-19 01:32:31.770156,
2026-06-19 01:32:27,49.608234,20.819731,36,cpm,,65128,b7bac4c746e7d02904cacf80a9a505a9,49,,,2026-06-19 01:32:28.006122,
2026-06-19 01:32:22,49.60824,20.819734,36,cpm,,65128,19f9e38a929236acd7d012d1ee861a65,49,,,2026-06-19 01:32:23.127282,
2026-06-19 01:31:21,52.4494,13.3127,15,cpm,"Berlin, DE",204,bacb7324b83d379be543fc9488a5b225,,,,2026-06-19 01:32:21.990552,
2026-06-19 01:31:16,51.9807,9.2345,12,cpm,"Bad Pyrmont, DE",108,c79bfd59e1be5c4c2002d2f70b06d9b4,,,,2026-06-19 01:32:18.356173,
2026-06-19 01:32:17,49.60824,20.819731,35,cpm,,65128,4c96362c15e994916600112828c0099a,49,,,2026-06-19 01:32:18.080302,
2026-06-19 01:32:12,49.608242,20.819728,37,cpm,,65128,5c7be3420a7b7ad742e635a724c33215,49,,,2026-06-19 01:32:13.136019,
2026-06-19 01:32:07,49.608245,20.819727,31,cpm,,65128,88c94766575ab00b3f31caa073414b1a,49,,,2026-06-19 01:32:08.009815,
2026-06-19 01:32:02,37.4932,139.93305,47,cpm,,101,3fcf23e9ea08d1f171032b5a1970c145,,,,2026-06-19 01:32:03.06028,
2026-06-19 01:32:02,49.608248,20.819726,30,cpm,,65128,58a9ae1f614b44585cebca9f23e2bf31,49,,,2026-06-19 01:32:02.993717,
2026-06-19 01:32:00.067,51.108658,-0.218624,26,cpm,,279,cd5c5157e0f3a4f54370ffef136123f9,,,,2026-06-19 01:32:00.580527,
2026-06-19 01:30:57,52.4276,4.9711,18,cpm,"Waterland, NL",205,ef36028db63ebd4ce0bf28f45555e4b4,,,,2026-06-19 01:31:58.977386,
2026-06-19 01:31:57,49.608247,20.819724,31,cpm,,65128,3327e88e23535a8beb717deff5fa18f1,49,,,2026-06-19 01:31:58.086248,
2026-06-19 01:31:52,49.608246,20.819723,34,cpm,,65128,ff3fa06d091d4d0d3e7cf591488743fe,49,,,2026-06-19 01:31:53.060475,
2026-06-19 01:31:47,49.608244,20.819722,29,cpm,,65128,58ffed234759a466b4771ab09a15bd8e,49,,,2026-06-19 01:31:48.048184,
2026-06-19 01:31:42,49.608244,20.819726,25,cpm,,65128,45fbb8ecd5131a9828d35300f649d2f3,49,,,2026-06-19 01:31:43.034687,
2026-06-19 01:31:40.378,43.6045,1.444,31,cpm,,238,b7abc4e9f7479b24f543b2309f1ba069,,,,2026-06-19 01:31:40.709304,
2026-06-19 01:30:33,51.0634,11.7586,15,cpm,"Sieglitz, DE",209,19ae8338692566f9ec1e921abfb9169a,,,,2026-06-19 01:31:40.036573,
2026-06-19 01:31:37,49.608243,20.819731,24,cpm,,65128,daa25bd46baa65ae480d9c5e78525acf,49,,,2026-06-19 01:31:38.009604,
2026-06-19 01:31:34,42.49361,-70.86514,33,cpm,,65041,6620b4ad1d44af932e2a626853c0ad2e,0,,,2026-06-19 01:31:35.210078,
2026-06-19 01:31:32,49.608244,20.819732,31,cpm,,65128,32a4be9fc688422f80fcc9982f5fa355,49,,,2026-06-19 01:31:32.989849,
2026-06-19 01:31:31,53.962355557933364,-1.082102543408737,0.0845,usv,,221,34be738d9099c63460c3b50490d62628,,,,2026-06-19 01:31:31.658549,
2026-06-19 01:31:27,49.608245,20.819732,30,cpm,,65128,0edcc138a31340af5e98d95417852579,49,,,2026-06-19 01:31:28.084343,
2026-06-19 01:31:23,39.0287,-76.5834,0.073,usv,,255,5825b2052b7b831bc07788b9ad987fa3,,,,2026-06-19 01:31:28.066131,
2026-06-19 01:31:24,59.4397,25.5189,17,cpm,,,a834b7d0904c440b979104e9802789f5,,,,2026-06-19 01:31:27.102426,
2026-06-19 01:31:22,49.608245,20.819729,29,cpm,,65128,4b864866cb24399777235f460aa22695,49,,,2026-06-19 01:31:23.086564,
2026-06-19 01:30:20,52.4494,13.3127,20,cpm,"Berlin, DE",204,82d7fec12f7d5496bdde71e94eb353dc,,,,2026-06-19 01:31:20.687901,
2026-06-19 01:31:19.063966,44.3292,3.05828,0.16,usv,,0,80b9c93bed7607b9f426f5f18eafede7,,,,2026-06-19 01:31:19.688539,
2026-06-19 01:31:18.276788,44.3292,3.05828,32,cpm,,0,d58ff44c1acf404aafef47b39dace39e,,,,2026-06-19 01:31:18.949142,
2026-06-19 01:31:17,49.608243,20.819729,33,cpm,,65128,413a9fa51201c6d7cb84719593ca5de3,49,,,2026-06-19 01:31:18.042775,
2026-06-19 01:30:10,51.9807,9.2345,12,cpm,"Bad Pyrmont, DE",108,5b60cf39ed61492ddf4df6ef675fb4c8,,,,2026-06-19 01:31:15.28859,
2026-06-19 01:31:12,49.608239,20.819734,34,cpm,,65128,91af1fbb3c866ebcdec311d22fef206b,49,,,2026-06-19 01:31:13.034466,
2026-06-19 01:31:07,49.608237,20.819736,33,cpm,,65128,8eb86f8cdadade13a8edfeb7d22a1712,49,,,2026-06-19 01:31:08.009404,
2026-06-19 01:31:02,49.608236,20.819734,36,cpm,,65128,9d09d904c84c07115678bea2aaed84f0,49,,,2026-06-19 01:31:03.043693,
2026-06-19 01:30:57,49.608237,20.819731,38,cpm,,65128,546860867160861dd10a317085c880ae,49,,,2026-06-19 01:30:58.008048,
2026-06-19 01:30:57,31.833193,130.301922,31.8,status,,100229,5a02cdcf351963ff2a4506c5f054c609,13,,,2026-06-19 01:30:57.710836,
2026-06-19 01:30:56,31.833193,130.301922,13,cpm,,100222,d7ae5e3070bd766165ab0aeda6370929,13,,,2026-06-19 01:30:57.019054,
2026-06-19 01:29:53,52.4276,4.9711,21,cpm,"Waterland, NL",205,4a23ae4572bc106d97c41af13a7eb604,,,,2026-06-19 01:30:56.643892,
2026-06-19 01:30:56,31.833193,130.301922,29,cpm,,100221,f2faa86a08afdf3e3c9598856ca2a2c5,13,,,2026-06-19 01:30:56.353381,
2026-06-19 01:30:52,49.608236,20.819731,36,cpm,,65128,c8615e57da0c367c27d4bb8f1a9524db,49,,,2026-06-19 01:30:53.061835,
2026-06-19 01:30:47,49.608234,20.819733,38,cpm,,65128,38c4b01239bd9d30b4aced2bbe3bd63e,49,,,2026-06-19 01:30:48.040477,
2026-06-19 01:30:42,49.60823,20.819737,37,cpm,,65128,d9cd38c572eed88f38093e75adcba554,49,,,2026-06-19 01:30:43.147228,
2026-06-19 01:30:37,49.608228,20.819738,37,cpm,,65128,3c49cd67c693f976b2ae3dbf0f25e06f,49,,,2026-06-19 01:30:38.017203,
2026-06-19 01:30:32,49.608225,20.819737,32,cpm,,65128,08ec8d24b0f1e47c3960c0f501db6df9,49,,,2026-06-19 01:30:33.092781,
2026-06-19 01:29:27,51.0634,11.7586,27,cpm,"Sieglitz, DE",209,19db85c67e255f7faa0bbf7ea8f7b96d,,,,2026-06-19 01:30:33.058104,
2026-06-19 01:30:30,53.962355557933364,-1.082102543408737,0.1365,usv,,221,4e866e8773ab035bb998f27e70c82758,,,,2026-06-19 01:30:31.043774,
2026-06-19 01:30:27,49.608223,20.819735,36,cpm,,65128,84c48740d01316786df220d0efbf99b5,49,,,2026-06-19 01:30:28.173367,
2026-06-19 01:30:08,59.4397,25.5189,14,cpm,,,6c82692a97c0c2c4666308d1acb1b972,,,,2026-06-19 01:30:24.591853,
2026-06-19 01:30:22,49.608223,20.819734,34,cpm,,65128,ec11614a2b19b22d073431cf7844c59e,49,,,2026-06-19 01:30:23.051619,
2026-06-19 01:29:20,52.4494,13.3127,18,cpm,"Berlin, DE",204,3c42d438d904c1ef064aca20aab12af7,,,,2026-06-19 01:30:20.481783,
2026-06-19 01:30:17,49.608225,20.81973,32,cpm,,65128,64a54cbfe9b8b2d5b1fac51285c25b34,49,,,2026-06-19 01:30:18.032792,
2026-06-19 01:30:12,49.608227,20.819724,34,cpm,,65128,9ccc5dc352d3d1f3dc062eb39443aa2c,49,,,2026-06-19 01:30:13.016097,
2026-06-19 01:29:06,51.9807,9.2345,16,cpm,"Bad Pyrmont, DE",108,bd0053459b3f0dca3242d9ea7feaf77a,,,,2026-06-19 01:30:09.241189,
2026-06-19 01:30:07,49.608229,20.819717,36,cpm,,65128,cd6d717ef3f27842645f76e892e3206d,49,,,2026-06-19 01:30:08.003808,
2026-06-19 01:30:02,49.608231,20.819713,34,cpm,,65128,6f1ae3b621caba998b1e922523fc4ad0,49,,,2026-06-19 01:30:02.996994,
2026-06-19 01:30:00.063,51.108658,-0.218624,15,cpm,,279,0628a422bc022ec37f7e1e50d0b4daf3,,,,2026-06-19 01:30:00.586406,
2026-06-19 01:29:57,49.608236,20.81971,33,cpm,,65128,69e0f938a0b5c5166aeb9834b4579484,49,,,2026-06-19 01:29:58.063593,
2026-06-19 01:28:52,52.4276,4.9711,34,cpm,"Waterland, NL",205,37b4a0764f0052036f5490a60888208d,,,,2026-06-19 01:29:53.190271,
2026-06-19 01:29:52,49.608238,20.819711,35,cpm,,65128,69da8904c66820649b83751c186b87f7,49,,,2026-06-19 01:29:53.051315,
2026-06-19 01:29:47,49.608238,20.819714,35,cpm,,65128,be344476bfe85122f5108148e6bb4815,49,,,2026-06-19 01:29:48.032807,
2026-06-19 01:29:42,49.608234,20.819717,36,cpm,,65128,5b5c6e24c8ffae82dd510d89be2f577e,49,,,2026-06-19 01:29:43.009979,
2026-06-19 01:29:38.265,43.6045,1.444,18,cpm,,238,c0b5d4b528574df4257d2091fa2c777c,,,,2026-06-19 01:29:38.563823,
2026-06-19 01:29:37,49.608233,20.819712,37,cpm,,65128,44e28074f32e44bd816145f7faae82b6,49,,,2026-06-19 01:29:38.034157,
2026-06-19 01:29:33,32.7936,35.0057,110.2,cpm,,273997337,3bf65d4595f7fc233e50902e91197696,100,,,2026-06-19 01:29:35.951258,
2026-06-19 01:29:32,49.608235,20.819708,41,cpm,,65128,19ffeb3147c4f844149364300dcafa74,49,,,2026-06-19 01:29:33.080212,
2026-06-19 01:29:30,45.60197,9.31745,44,cpm,,65109,2caa911ae94b6262cee69c3acf692102,0,,,2026-06-19 01:29:31.668637,
2026-06-19 01:29:30,53.962355557933364,-1.082102543408737,0.1756,usv,,221,e989b47253ba302564c8a41805b5c764,,,,2026-06-19 01:29:30.757329,
2026-06-19 01:29:27,44.00143,-79.48699,24,cpm,,61367,3fced848d334ee50ac8373759a5fda9e,,,,2026-06-19 01:29:29.444539,
2026-06-19 01:29:27,49.608237,20.819705,38,cpm,,65128,9c1807bacad5358bd3a4ca7cca168f77,49,,,2026-06-19 01:29:28.060657,
2026-06-19 01:28:26,51.0634,11.7586,19,cpm,"Sieglitz, DE",209,202ef7e1eb20d93f79bfbf7d8007dcef,,,,2026-06-19 01:29:27.09912,
2026-06-19 01:29:22,49.608239,20.819704,38,cpm,,65128,5b528899eab03cc94493df7ba5d4cdd5,49,,,2026-06-19 01:29:23.081754,
2026-06-19 01:29:07,59.4397,25.5189,13,cpm,,,7612ad3ea73295d5e3a5ee6f098716fe,,,,2026-06-19 01:29:19.977053,
2026-06-19 01:28:19,52.4494,13.3127,17,cpm,"Berlin, DE",204,31f820a1bd29bff6d9b717ea3035446a,,,,2026-06-19 01:29:19.917842,
2026-06-19 01:29:17,49.608242,20.819702,40,cpm,,65128,d384c39a0c86db0d43b2fcdb95e7353c,49,,,2026-06-19 01:29:18.029533,
2026-06-19 01:29:12,49.608246,20.819704,37,cpm,,65128,52bbec7860a2a48ffe9a0fba209397f2,49,,,2026-06-19 01:29:13.113599,
2026-06-19 01:29:11,37.494708,139.92604,31.8,celcius,,100369,b004d4f1020fc890ca83418b7ccd0207,219,,,2026-06-19 01:29:11.202186,
2026-06-19 01:29:10,37.494708,139.92604,10,cpm,,100362,addcda01714fc2ca7d64fac70f2d56e1,219,,,2026-06-19 01:29:10.81723,
2026-06-19 01:29:10,37.494708,139.92604,37,cpm,,100361,e713f8c5c9060ca5427e37047b13c818,219,,,2026-06-19 01:29:10.515501,
2026-06-19 01:29:07,49.608252,20.819706,37,cpm,,65128,0affc959ecdd32a7b99ef8c2370b3618,49,,,2026-06-19 01:29:08.000384,
2026-06-19 01:28:02,51.9807,9.2345,16,cpm,"Bad Pyrmont, DE",108,df8d7566782517a1b6d09f1660a695f5,,,,2026-06-19 01:29:06.304105,
2026-06-19 01:29:02,49.608254,20.819712,38,cpm,,65128,d64d43df16ef76ff4c231bbbfc88c0e2,49,,,2026-06-19 01:29:02.977226,
2026-06-19 01:28:57,49.608256,20.819713,38,cpm,,65128,f286ef57bf1b8911cd833f1433ee4fe3,49,,,2026-06-19 01:28:58.060417,
2026-06-19 01:28:52,49.608258,20.819709,38,cpm,,65128,b03c5a9827fe67f8a863ca97ec9db9f7,49,,,2026-06-19 01:28:53.043215,
2026-06-19 01:27:51,52.4276,4.9711,32,cpm,"Waterland, NL",205,af724fba1e52c34f0a66a442c10a86e2,,,,2026-06-19 01:28:51.660925,
2026-06-19 01:28:47,49.608257,20.819707,40,cpm,,65128,187af25183f2a72336d73288543ea5c3,49,,,2026-06-19 01:28:48.072378,
2026-06-19 01:28:42,49.608252,20.819704,44,cpm,,65128,f5f157c27dc4017fe5b62fd065016742,49,,,2026-06-19 01:28:43.007094,
2026-06-19 01:28:37,49.608246,20.819701,48,cpm,,65128,64b1540d2286342e44e61c0a31a68275,49,,,2026-06-19 01:28:38.036012,
2026-06-19 01:28:32,49.60824,20.819706,47,cpm,,65128,413068e9dcc7476ae87fad56f60353a4,49,,,2026-06-19 01:28:32.97308,
2026-06-19 01:28:29,53.962355557933364,-1.082102543408737,0.091,usv,,221,6e104e0af7fd1f116aa165f1622697cc,,,,2026-06-19 01:28:30.162144,
2026-06-19 01:28:27,49.608239,20.819706,48,cpm,,65128,ce4a137d2dd0b8c899b1c78245ced391,49,,,2026-06-19 01:28:28.054385,
2026-06-19 01:27:22,51.0634,11.7586,19,cpm,"Sieglitz, DE",209,f083a6028b3432ab355929e36ecc7810,,,,2026-06-19 01:28:26.212062,
2026-06-19 01:28:22,49.608237,20.819705,49,cpm,,65128,fb591cb993369b2a41d8e6aa1149af3e,49,,,2026-06-19 01:28:23.039149,
2026-06-19 01:27:18,52.4494,13.3127,20,cpm,"Berlin, DE",204,4bb1de9195cf9fce5bb7c6deb64d83ef,,,,2026-06-19 01:28:18.722226,
2026-06-19 01:28:17,49.60823,20.8197,46,cpm,,65128,2047a7f53a8d23ca3fbe2de2a1a05051,49,,,2026-06-19 01:28:18.03655,
2026-06-19 01:28:06,59.4397,25.5189,34,cpm,,,07dffb5d44d3ed570eb945773bf6e330,,,,2026-06-19 01:28:15.399036,
2026-06-19 01:28:11,34.48265,136.16314,41,cpm,,65127,0b53dfbc4eb3d2c9b3d9f3e6c4b1720c,0,,,2026-06-19 01:28:15.289077,
2026-06-19 01:28:12,49.608224,20.819706,45,cpm,,65128,ed1d5c77868d952f6e1d0d368dccd1af,49,,,2026-06-19 01:28:13.001311,
2026-06-19 01:28:07,49.608222,20.819715,47,cpm,,65128,a571263e41a4e0ee8f52db2c81c7dac2,49,,,2026-06-19 01:28:08.088664,
2026-06-19 01:28:02,49.608226,20.819724,46,cpm,,65128,05b984a03cc7e179e7404649584d3b43,49,,,2026-06-19 01:28:03.070359,
2026-06-19 01:27:00,51.9807,9.2345,13,cpm,"Bad Pyrmont, DE",108,f05c1f08d494dd6efb4ee37ad995c957,,,,2026-06-19 01:28:01.070758,
2026-06-19 01:28:00.075,51.108658,-0.218624,29,cpm,,279,c44da0e1bbd8c086fa1eb1cd411b00f4,,,,2026-06-19 01:28:00.63213,
2026-06-19 01:27:57,49.608236,20.819733,46,cpm,,65128,e69a2105b57511a6096e827ed8110f30,49,,,2026-06-19 01:27:58.053317,
2026-06-19 01:27:52,49.608242,20.819745,44,cpm,,65128,994661a8ed8b5e0af286f23c44f62c93,49,,,2026-06-19 01:27:53.03554,
2026-06-19 01:26:49,52.4276,4.9711,22,cpm,"Waterland, NL",205,f1185b4fea28236db88045298b579bf5,,,,2026-06-19 01:27:51.01773,
2026-06-19 01:27:46,49.608241,20.819754,45,cpm,,65128,d38c797a071774d4f39dd9dd58a6acff,49,,,2026-06-19 01:27:48.018862,
2026-06-19 01:27:45,34.48265,136.16314,31,cpm,,65002,1b61cbb619a4bb0a816f2f0d473f640b,0,,,2026-06-19 01:27:46.722913,
2026-06-19 01:27:42,49.608237,20.819754,40,cpm,,65128,66bdb53ad65e8d224689ba5f80b737e3,49,,,2026-06-19 01:27:42.999026,
2026-06-19 01:27:37,49.608229,20.819752,37,cpm,,65128,d4f361165368e56903acfee77046f29f,49,,,2026-06-19 01:27:37.994642,
2026-06-19 01:27:36.089,43.6045,1.444,23,cpm,,238,c915c34fe3ff1375b2b3b183c8d2b0d8,,,,2026-06-19 01:27:36.414836,
2026-06-19 01:27:32,49.608223,20.819754,32,cpm,,65128,d8ff91875ea71a058f6354f94e01b74b,49,,,2026-06-19 01:27:33.070256,
2026-06-19 01:27:29,53.962355557933364,-1.082102543408737,0.1235,usv,,221,68b1dd0575b1c9c5979e34a115f582e3,,,,2026-06-19 01:27:29.608249,
2026-06-19 01:27:27,49.608225,20.819754,33,cpm,,65128,a2f919fd2c019d88658434058510b511,49,,,2026-06-19 01:27:28.080345,
2026-06-19 01:27:22,49.608224,20.819756,32,cpm,,65128,de00ce15f1b017e86dffb319d79aeebd,49,,,2026-06-19 01:27:23.090394,
2026-06-19 01:26:19,51.0634,11.7586,16,cpm,"Sieglitz, DE",209,1b401d3532f74a23d926c93f59891058,,,,2026-06-19 01:27:21.270448,
2026-06-19 01:27:17,49.608225,20.819753,33,cpm,,65128,4037681d109cebd6e97e7005f8c277a1,49,,,2026-06-19 01:27:18.023667,
2026-06-19 01:26:17,52.4494,13.3127,18,cpm,"Berlin, DE",204,fa76b89b68886582d3b93d95babd1758,,,,2026-06-19 01:27:17.362372,
2026-06-19 01:27:12,49.608225,20.819751,36,cpm,,65128,2d8afae275ce9c33662715aaea6a949f,49,,,2026-06-19 01:27:13.085656,
2026-06-19 01:27:06,59.4397,25.5189,30,cpm,,,3785aa39bbcb1653471bd889d1329795,,,,2026-06-19 01:27:10.826851,
2026-06-19 01:27:07,49.608228,20.819748,35,cpm,,65128,d07dd64d6ff56265a3f8f5e37eb90b2c,49,,,2026-06-19 01:27:08.08576,
2026-06-19 01:27:02,49.608231,20.819749,38,cpm,,65128,a8a94155be3ba6b2840a5986443dc917,49,,,2026-06-19 01:27:03.063941,
2026-06-19 01:27:02,37.4932,139.93305,47,cpm,,101,145e44b30d91c37bc8510e44cfc8bdc7,,,,2026-06-19 01:27:02.921187,
2026-06-19 01:25:58,51.9807,9.2345,13,cpm,"Bad Pyrmont, DE",108,bb811d136b80081e6d78215e6d45c72a,,,,2026-06-19 01:26:59.453838,
2026-06-19 01:26:57,49.608232,20.819748,35,cpm,,65128,d54b9749e33d8238f7cc0983509541fd,49,,,2026-06-19 01:26:58.05073,
2026-06-19 01:26:52,49.608235,20.819749,37,cpm,,65128,7ac4b3222d036febee4027087cbcb230,49,,,2026-06-19 01:26:53.097246,
2026-06-19 01:25:46,52.4276,4.9711,20,cpm,"Waterland, NL",205,324d74f406c490ecd8b43ba0192bfb66,,,,2026-06-19 01:26:48.339751,
2026-06-19 01:26:47,49.608234,20.819749,35,cpm,,65128,ca93a87bd42291c9511aa3c7d8d4a5b1,49,,,2026-06-19 01:26:48.011855,
2026-06-19 01:26:42,49.608233,20.819743,38,cpm,,65128,da75c4bd45894e806e01aa8f28c104b5,49,,,2026-06-19 01:26:43.09605,
2026-06-19 01:26:37,49.608234,20.819738,36,cpm,,65128,48e34d0afc5d521b7aafbda378940846,49,,,2026-06-19 01:26:38.080019,
2026-06-19 01:26:34,42.49361,-70.86514,44,cpm,,65041,b1aae307c89a41c91b56dafe34b06d98,0,,,2026-06-19 01:26:35.359904,
2026-06-19 01:26:32,49.608235,20.819735,39,cpm,,65128,a79d9a65bb681f928f6e7a3cafd8caab,49,,,2026-06-19 01:26:33.058074,
2026-06-19 01:26:28,53.962355557933364,-1.082102543408737,0.13,usv,,221,146814db87b3f91a3a182b8ad6f8cc40,,,,2026-06-19 01:26:29.383603,
2026-06-19 01:26:27,49.608236,20.819734,37,cpm,,65128,4a1b32786f9edf0f403f1e56049446e4,49,,,2026-06-19 01:26:28.050655,
2026-06-19 01:26:22,49.60824,20.819732,40,cpm,,65128,22283e74339916f1190160b3e142ed65,49,,,2026-06-19 01:26:23.03081,
2026-06-19 01:26:20,39.0287,-76.5834,0.056,usv,,255,ab055190e56aec401e7462ff4201d3c8,,,,2026-06-19 01:26:22.557342,
2026-06-19 01:26:18.422403,44.3292,3.05828,0.16,usv,,0,d2eb4f59cc7192e0b7082dbc71a71085,,,,2026-06-19 01:26:19.044433,
2026-06-19 01:26:17.619932,44.3292,3.05828,32,cpm,,0,0788710b52c90be7d895d62431106a70,,,,2026-06-19 01:26:18.308624,
2026-06-19 01:26:16,49.608245,20.819728,39,cpm,,65128,c5c97f3143a11b8e2e7bc8f05afc3e5e,49,,,2026-06-19 01:26:18.114378,
2026-06-19 01:25:12,51.0634,11.7586,14,cpm,"Sieglitz, DE",209,d925d135149e0ce115ba4d9be58da836,,,,2026-06-19 01:26:18.094827,
2026-06-19 01:25:15,52.4494,13.3127,12,cpm,"Berlin, DE",204,b80ccec65d1f6c61f33ee7a5adcfcc73,,,,2026-06-19 01:26:16.282437,
2026-06-19 01:26:12,49.608246,20.819727,38,cpm,,65128,5644bb83003552e0677376778b0b3047,49,,,2026-06-19 01:26:13.093194,
2026-06-19 01:26:07,49.608247,20.819726,39,cpm,,65128,881465e0dea3bbfde2dc9161f98d1202,49,,,2026-06-19 01:26:08.074443,
2026-06-19 01:25:50,59.4397,25.5189,29,cpm,,,b29677c1d879c2c0e96e9ab28059b425,,,,2026-06-19 01:26:06.160313,
2026-06-19 01:26:02,49.608249,20.819726,39,cpm,,65128,0600ab3990d711186dd9c4cd224b3ea2,49,,,2026-06-19 01:26:03.09614,
2026-06-19 01:26:00.064,51.108658,-0.218624,23,cpm,,279,f621ded625d71dacefbd16dd0ad31e9f,,,,2026-06-19 01:26:00.641499,
2026-06-19 01:25:57,49.608248,20.819723,39,cpm,,65128,1d3a8d5cdd47a8a76f18897b7bae12f6,49,,,2026-06-19 01:25:58.040656,
2026-06-19 01:24:56,51.9807,9.2345,13,cpm,"Bad Pyrmont, DE",108,4f50aafe9d5dfaea7cfa8f43bec18f07,,,,2026-06-19 01:25:57.467811,
2026-06-19 01:25:54,31.833193,130.301922,31.8,status,,100229,0340b3154e039587270d53500dc5eac4,13,,,2026-06-19 01:25:54.402281,
2026-06-19 01:25:53,31.833193,130.301922,11,cpm,,100222,ab9b7febd47a83dcb9f2335a07b83133,13,,,2026-06-19 01:25:53.802498,
2026-06-19 01:25:53,31.833193,130.301922,28,cpm,,100221,670dfa7fd8bf4595bf7b712d0447f682,13,,,2026-06-19 01:25:53.212621,
2026-06-19 01:25:52,49.60825,20.81972,38,cpm,,65128,91340fd1ebf0b50ecdc02dfe9f02277d,49,,,2026-06-19 01:25:53.02084,
2026-06-19 01:25:47,49.608251,20.819717,37,cpm,,65128,54a5b95d2d150fdef260fb96b1a7c91c,49,,,2026-06-19 01:25:48.104756,
2026-06-19 01:24:41,52.4276,4.9711,28,cpm,"Waterland, NL",205,1ed762b82df20998f13764cf592d52c6,,,,2026-06-19 01:25:43.146807,
2026-06-19 01:25:42,49.608252,20.819715,40,cpm,,65128,4e542a6280b6de4cc359bba70af87943,49,,,2026-06-19 01:25:42.98404,
2026-06-19 01:25:37,49.608252,20.819716,40,cpm,,65128,9b57d74a787b949b871449c2740dd62a,49,,,2026-06-19 01:25:38.072228,
2026-06-19 01:25:33.913,43.6045,1.444,17,cpm,,238,97d245de07bc239976dc4268bde91623,,,,2026-06-19 01:25:34.248978,
2026-06-19 01:25:32,49.608252,20.81972,40,cpm,,65128,c3f130bc69b7584eb0c4c40765fbdd91,49,,,2026-06-19 01:25:33.057115,
2026-06-19 01:25:29,53.962355557933364,-1.082102543408737,0.156,usv,,221,20126e93ec1b4ef3685253993d3516f1,,,,2026-06-19 01:25:29.855971,
2026-06-19 01:25:27,49.608247,20.819718,42,cpm,,65128,d47a2e192d6ec13b8bbe6f5e852e2384,49,,,2026-06-19 01:25:28.040092,
2026-06-19 01:25:22,49.608246,20.819716,40,cpm,,65128,7875103e812b00ca7b1c599212abea88,49,,,2026-06-19 01:25:23.019406,
2026-06-19 01:25:17,49.60825,20.819717,44,cpm,,65128,ed13eab1918985fdd57c6c013295b366,49,,,2026-06-19 01:25:18.007304,
2026-06-19 01:25:12,49.608251,20.819714,43,cpm,,65128,a57737a3cdb0357e28c173b4e1515d4d,49,,,2026-06-19 01:25:13.091224,
2026-06-19 01:24:12,52.4494,13.3127,17,cpm,"Berlin, DE",204,1b9eb06954e07796931a098a31a3000a,,,,2026-06-19 01:25:12.662007,
2026-06-19 01:24:05,51.0634,11.7586,26,cpm,"Sieglitz, DE",209,3382192ade1f3661e2b2548e81d1b4e6,,,,2026-06-19 01:25:11.206842,
2026-06-19 01:25:07,49.608255,20.819714,40,cpm,,65128,3f4bb45aff9fe6093f369e3e2a508755,49,,,2026-06-19 01:25:08.068859,
2026-06-19 01:25:02,49.608257,20.819716,38,cpm,,65128,cba3c37ab2ce9e7f4d30dc176b3e5863,49,,,2026-06-19 01:25:03.048926,
2026-06-19 01:24:50,59.4397,25.5189,17,cpm,,,1a721a29df97ce07a3217b185b0d7ffc,,,,2026-06-19 01:25:01.574365,
2026-06-19 01:24:57,49.608259,20.819717,42,cpm,,65128,b8aabd33fb90cd41972f9099918a14a4,49,,,2026-06-19 01:24:58.052005,
2026-06-19 01:23:55,51.9807,9.2345,17,cpm,"Bad Pyrmont, DE",108,50f123bf945c7e0c914edde7ffaf0f3a,,,,2026-06-19 01:24:55.747714,
2026-06-19 01:24:52,49.608259,20.819716,40,cpm,,65128,8b5ccf49d9d3ae7196c59c1ece0b7af6,49,,,2026-06-19 01:24:53.012534,
2026-06-19 01:24:47,49.608259,20.819713,39,cpm,,65128,acd5e1d2922ad2154f21580829ad529d,49,,,2026-06-19 01:24:47.997791,
2026-06-19 01:24:42,49.608255,20.819714,37,cpm,,65128,064a4549d6464c53cd8dae437da74ab8,49,,,2026-06-19 01:24:42.990334,
2026-06-19 01:24:33,32.7936,35.0057,109.4,cpm,,273997337,b7d9875aa578cecc7c73f91ca32f9d28,100,,,2026-06-19 01:24:41.001747,
2026-06-19 01:23:36,52.4276,4.9711,18,cpm,"Waterland, NL",205,0344e6ebf6966234f1e88e861bedaf22,,,,2026-06-19 01:24:40.704255,
2026-06-19 01:24:37,49.608255,20.819714,36,cpm,,65128,5b63b0e8b223bb92c9847ed85aa4007e,49,,,2026-06-19 01:24:38.094874,
2026-06-19 01:24:32,49.608254,20.819716,35,cpm,,65128,f379d789c129dd2af67c33b37a595584,49,,,2026-06-19 01:24:33.051386,
2026-06-19 01:24:30,45.60197,9.31745,42,cpm,,65109,53afd1de86d13080345c8cbb0f47404d,0,,,2026-06-19 01:24:31.750112,
2026-06-19 01:24:28,53.962355557933364,-1.082102543408737,0.143,usv,,221,c3b8e49d3faf6f5b21c5fcf7a3872ecf,,,,2026-06-19 01:24:29.062158,
2026-06-19 01:24:26,44.00154,-79.48698,21,cpm,,61367,703f246364b4a511afb537067bcd2ef4,,,,2026-06-19 01:24:28.384644,
2026-06-19 01:24:27,49.608253,20.819719,34,cpm,,65128,67cef30220f34f8a061a44eff72832e9,49,,,2026-06-19 01:24:28.063041,
2026-06-19 01:24:22,49.608252,20.819722,38,cpm,,65128,8a6427ea70fef669780c829c13689441,49,,,2026-06-19 01:24:22.970522,
2026-06-19 01:24:17,49.60825,20.819728,34,cpm,,65128,29b4ae87c4b040e6da9941f344c03216,49,,,2026-06-19 01:24:18.105122,
2026-06-19 01:24:12,49.608247,20.819735,36,cpm,,65128,08e3f7a8e1ad616691e8858d77a697bb,49,,,2026-06-19 01:24:12.98118,
2026-06-19 01:23:12,52.4494,13.3127,16,cpm,"Berlin, DE",204,9765cff349468dd6994a37292a96de12,,,,2026-06-19 01:24:12.368458,
2026-06-19 01:24:08,37.494708,139.92604,31.8,celcius,,100369,cba7b3890171785f4a58e7ceb0850058,219,,,2026-06-19 01:24:08.1949,
2026-06-19 01:24:07,49.608244,20.81974,41,cpm,,65128,7f61bf150def81a17b902a413a1f7f2e,49,,,2026-06-19 01:24:08.188324,
2026-06-19 01:24:07,37.494708,139.92604,15,cpm,,100362,aa6b21f24315f30d430389e71677db9d,219,,,2026-06-19 01:24:07.75677,
2026-06-19 01:24:07,37.494708,139.92604,39,cpm,,100361,11e5fbdfa6704c2d2f54b4652859ad70,219,,,2026-06-19 01:24:07.456133,
2026-06-19 01:23:04,51.0634,11.7586,22,cpm,"Sieglitz, DE",209,b26d118054b2de8aaf1b7e0660656e07,,,,2026-06-19 01:24:05.344473,
2026-06-19 01:24:02,49.608241,20.819743,39,cpm,,65128,a379d6a1db97ef536bb0de62c0cb1141,49,,,2026-06-19 01:24:03.041044,
2026-06-19 01:24:00.069,51.108658,-0.218624,17,cpm,,279,368b4faf481b06fc21e5d2fbbc1fcd72,,,,2026-06-19 01:24:00.635036,
2026-06-19 01:23:57,49.608241,20.819745,38,cpm,,65128,2199976402033a7813397c55b6417581,49,,,2026-06-19 01:23:58.026509,
2026-06-19 01:22:52,51.9807,9.2345,15,cpm,"Bad Pyrmont, DE",108,52f3e1703a93e467f419c2e11cc44bdd,,,,2026-06-19 01:23:54.829939,
2026-06-19 01:23:49,59.4397,25.5189,22,cpm,,,6388753951654d9d3f526698ad8714ae,,,,2026-06-19 01:23:53.798243,
2026-06-19 01:23:52,49.608245,20.819741,38,cpm,,65128,40c27cb97d4ae32e651d5d7ea4f6ecb7,49,,,2026-06-19 01:23:53.125996,
2026-06-19 03:23:39.870924,51.397149,7.072127,19,211,,,31bd2f9b4aa169b7e8deb0f0a266fb3a,,,,2026-06-19 01:23:48.134131,
2026-06-19 01:23:47,49.608249,20.819737,40,cpm,,65128,153a8c46a97f5ab389fde554c5600c5a,49,,,2026-06-19 01:23:47.991661,
2026-06-19 01:23:42,49.608252,20.819734,39,cpm,,65128,0cdd55ddb7e06a401abce9927ecdf8be,49,,,2026-06-19 01:23:43.098452,
2026-06-19 01:23:37,49.608255,20.819732,44,cpm,,65128,71ad4187e395d697c7435dc5951021d6,49,,,2026-06-19 01:23:37.964409,
2026-06-19 01:22:35,52.4276,4.9711,30,cpm,"Waterland, NL",205,b34f55635361e6455f24c9aeff8ce29e,,,,2026-06-19 01:23:36.102439,
2026-06-19 01:23:32,49.608255,20.819728,44,cpm,,65128,cb4fc9b1697c073ebb85894c7edee1ea,49,,,2026-06-19 01:23:33.039273,
2026-06-19 01:23:31.756,43.6045,1.444,14,cpm,,238,8f6641e49c2c857fb92a76e696ebb065,,,,2026-06-19 01:23:32.080664,
2026-06-19 01:23:29,53.962355557933364,-1.082102543408737,0.1105,usv,,221,9b3499b165c95897d5e705a806c0f01a,,,,2026-06-19 01:23:29.75034,
2026-06-19 01:23:27,49.608256,20.819728,43,cpm,,65128,d18b7bfa2edcc2ac46dd36df8510a059,49,,,2026-06-19 01:23:28.024263,
2026-06-19 01:23:11,34.48265,136.16314,51,cpm,,65127,4402e414b359166fde686850a81344f9,0,,,2026-06-19 01:23:23.643092,
2026-06-19 01:23:22,49.608252,20.819722,39,cpm,,65128,2bea38ca3b6ce61465ba3705c341171c,49,,,2026-06-19 01:23:23.004351,
2026-06-19 01:23:17,49.60825,20.819721,42,cpm,,65128,a4811c281d4f6f57134196285dbb17a8,49,,,2026-06-19 01:23:18.002938,
2026-06-19 01:23:12,49.608251,20.819726,41,cpm,,65128,d6059a079557e0cb4142780268d6cbdb,49,,,2026-06-19 01:23:13.082846,
2026-06-19 01:22:11,52.4494,13.3127,17,cpm,"Berlin, DE",204,a801eb9c659daedeb625cb9315472275,,,,2026-06-19 01:23:12.199003,
2026-06-19 01:23:07,49.608253,20.819729,35,cpm,,65128,a45f435b0c091bc3e6c3f4aa764aeb32,49,,,2026-06-19 01:23:08.066431,
2026-06-19 01:22:02,51.0634,11.7586,20,cpm,"Sieglitz, DE",209,feb85e9526f82cbfaf4718295bf2d54c,,,,2026-06-19 01:23:03.461729,
2026-06-19 01:23:02,49.608252,20.819727,37,cpm,,65128,97de0ddab22bc9d336296e8c7270f30f,49,,,2026-06-19 01:23:03.043274,
2026-06-19 01:22:57,49.608251,20.819726,37,cpm,,65128,207282326c8517770b6e3d380be5876c,49,,,2026-06-19 01:22:58.020528,
2026-06-19 01:22:52,49.608251,20.819727,39,cpm,,65128,c6f9354edc317433b3d5f0665c3d0d66,49,,,2026-06-19 01:22:53.144471,
2026-06-19 01:22:34,59.4397,25.5189,24,cpm,,,b7db9703477a7eee1adc9c9efd576bf4,,,,2026-06-19 01:22:52.311505,
2026-06-19 01:21:49,51.9807,9.2345,23,cpm,"Bad Pyrmont, DE",108,7b7177c853bcd36ecd3cceb4b4207912,,,,2026-06-19 01:22:52.075196,
2026-06-19 01:22:47,49.608251,20.819727,37,cpm,,65128,bbb3e9d1f4363ac294039860067dfadb,49,,,2026-06-19 01:22:48.086537,
2026-06-19 01:22:45,34.48265,136.16314,34,cpm,,65002,4b63696918b1185bac53ff1fa1f2e237,0,,,2026-06-19 01:22:46.59126,
2026-06-19 01:22:42,49.608251,20.819726,37,cpm,,65128,eb755a61189db8aed806995ad4a97997,49,,,2026-06-19 01:22:43.07159,
2026-06-19 01:22:37,49.608252,20.819723,36,cpm,,65128,8aacf3738977f3d7f88bd2e82933ef6c,49,,,2026-06-19 01:22:38.080695,
2026-06-19 01:21:34,52.4276,4.9711,27,cpm,"Waterland, NL",205,3a35925ec64c84091163a1f8c3b6af3c,,,,2026-06-19 01:22:34.668665,
2026-06-19 01:22:32,49.608254,20.819719,35,cpm,,65128,0a31092c9327b9334c1b3300e8b4479d,49,,,2026-06-19 01:22:33.035958,
2026-06-19 01:22:27,49.608256,20.819716,35,cpm,,65128,8f5710bd3a0349832b0c2606c0f47898,49,,,2026-06-19 01:22:28.016043,
2026-06-19 01:22:26,53.962355557933364,-1.082102543408737,0.1235,usv,,221,3d72c74e3542e538028a9e4ec30a6d3f,,,,2026-06-19 01:22:27.06312,
2026-06-19 01:22:22,49.608257,20.819716,33,cpm,,65128,1bf7199bf6075b86458ac20a06a9ce7e,49,,,2026-06-19 01:22:23.106283,
2026-06-19 01:22:17,49.608256,20.819715,31,cpm,,65128,d6be75465fd1a502ea7c7981e078c3e5,49,,,2026-06-19 01:22:18.083265,
2026-06-19 01:22:12,49.608253,20.819714,30,cpm,,65128,9509a7c4792e78fd3178a7812d5d92b5,49,,,2026-06-19 01:22:13.065118,
2026-06-19 01:21:08,52.4494,13.3127,19,cpm,"Berlin, DE",204,970052ebb1e5767d3bce44decbdb3d68,,,,2026-06-19 01:22:08.458784,
2026-06-19 01:22:07,49.608252,20.819711,32,cpm,,65128,7090ce1eb214f4c0b41cf7709e124297,49,,,2026-06-19 01:22:08.048209,
2026-06-19 01:22:02,49.608252,20.819711,29,cpm,,65128,05a55618c1504381f224e5b7666f9839,49,,,2026-06-19 01:22:03.03693,
2026-06-19 01:22:02,37.4932,139.93305,47,cpm,,101,d65159a4da21a911a39b6558282eebe9,,,,2026-06-19 01:22:02.757917,
2026-06-19 01:21:00,51.0634,11.7586,13,cpm,"Sieglitz, DE",209,a326c84bf1e42f4de5a964e247c4177e,,,,2026-06-19 01:22:01.715069,
2026-06-19 01:22:00.064,51.108658,-0.218624,29,cpm,,279,679fcd5b759da079ad4f781308e9bb8c,,,,2026-06-19 01:22:00.647008,
2026-06-19 01:21:57,49.608256,20.819712,30,cpm,,65128,6e5d232a0f7aac5e12789f3004170fa0,49,,,2026-06-19 01:21:58.017517,
2026-06-19 01:21:52,49.608255,20.819712,30,cpm,,65128,9d857afb195170340d90d21c9ebe40c2,49,,,2026-06-19 01:21:53.099686,
2026-06-19 01:20:47,51.9807,9.2345,18,cpm,"Bad Pyrmont, DE",108,d34bceab7591e05d8e522523e2c8ca0f,,,,2026-06-19 01:21:49.177267,
2026-06-19 01:21:33,59.4397,25.5189,23,cpm,,,f08d2f6684b20d35d66a179cd99c97d7,,,,2026-06-19 01:21:48.497212,
2026-06-19 01:21:47,49.608254,20.819712,31,cpm,,65128,2db1db77f6fc5ba9bbf9fa6d2434025f,49,,,2026-06-19 01:21:47.980132,
2026-06-19 01:21:42,49.608253,20.819712,31,cpm,,65128,90fa48d3bdf60102afa6bfe5f59eb4d4,49,,,2026-06-19 01:21:43.066292,
2026-06-19 01:21:36,49.608256,20.81971,30,cpm,,65128,edd607cf0f1dc57145acacab3e85abee,49,,,2026-06-19 01:21:38.280403,
2026-06-19 01:21:34,42.49361,-70.86514,39,cpm,,65041,cae602edbec048cd1a627c6f81328b62,0,,,2026-06-19 01:21:35.337578,
2026-06-19 01:20:33,52.4276,4.9711,25,cpm,"Waterland, NL",205,aeb152c88145937f47aaeafcb24290b7,,,,2026-06-19 01:21:34.168,
2026-06-19 01:21:32,49.608257,20.819708,31,cpm,,65128,93826024224d8f96600f0c97cc484131,49,,,2026-06-19 01:21:33.030733,
2026-06-19 01:21:29.613,43.6045,1.444,25,cpm,,238,696fd5140b243f484d629f6a129afe40,,,,2026-06-19 01:21:29.938371,
2026-06-19 01:21:27,49.608259,20.819706,31,cpm,,65128,ded681f0cb62d1a14443f45a35a4353e,49,,,2026-06-19 01:21:28.058361,
2026-06-19 01:21:26,53.962355557933364,-1.082102543408737,0.0585,usv,,221,4645fb40dc3f6515fdf7cba7d09ef8d0,,,,2026-06-19 01:21:26.668946,
2026-06-19 01:21:22,49.608258,20.819707,35,cpm,,65128,de6f6f2a6a6c308f301d1726f24840ad,49,,,2026-06-19 01:21:24.220638,
2026-06-19 01:21:16,39.0287,-76.5834,0.098,usv,,255,c710e33dc5af3f51fae6a0925b243472,,,,2026-06-19 01:21:19.003601,
2026-06-19 01:21:17.617734,44.3292,3.05828,0.17,usv,,0,523733d3ccebc7d3688c12550c852122,,,,2026-06-19 01:21:18.240584,
2026-06-19 01:21:17,49.608259,20.819707,35,cpm,,65128,c6ebed751dc9185ea1b5137103cd4e34,49,,,2026-06-19 01:21:18.068027,
2026-06-19 01:21:16.674423,44.3292,3.05828,34,cpm,,0,cc944fd8ecfbed3e49b396c3eb67c92c,,,,2026-06-19 01:21:17.480614,
2026-06-19 01:21:12,49.608259,20.81971,39,cpm,,65128,b73edc61ab4fad35aeb7d86ce2817628,49,,,2026-06-19 01:21:13.06748,
2026-06-19 01:21:07,49.608258,20.819712,44,cpm,,65128,0780cc2f6cf4085e04a2367a53bd384f,49,,,2026-06-19 01:21:08.211351,
2026-06-19 01:20:07,52.4494,13.3127,21,cpm,"Berlin, DE",204,e91a0044929af310222eb6feae9a56bb,,,,2026-06-19 01:21:08.124279,
2026-06-19 01:21:02,49.608256,20.819713,47,cpm,,65128,fbc60c2272607fb4a279c81835551a7b,49,,,2026-06-19 01:21:03.12555,
2026-06-19 01:19:51,51.0634,11.7586,24,cpm,"Sieglitz, DE",209,e17f3fb504bf8149231ab02d1b17c3a1,,,,2026-06-19 01:20:59.89498,
2026-06-19 01:20:57,49.608255,20.819717,46,cpm,,65128,7bb38171c4777b6ab0baa4a0ca333c54,49,,,2026-06-19 01:20:58.011286,
2026-06-19 01:20:52,49.608254,20.81972,46,cpm,,65128,2214360dca67154db888f20cea77a92e,49,,,2026-06-19 01:20:53.100458,
2026-06-19 01:20:51,31.833193,130.301922,31.8,status,,100229,e1f25ce4ff7da2cf013cb38613160d57,13,,,2026-06-19 01:20:51.329529,
2026-06-19 01:20:50,31.833193,130.301922,15,cpm,,100222,dec88436642063cd80ab058c24d75990,13,,,2026-06-19 01:20:50.746846,
2026-06-19 01:20:50,31.833193,130.301922,29,cpm,,100221,2155182b1faa8895449319f6a2dff02d,13,,,2026-06-19 01:20:50.172924,
2026-06-19 01:20:47,49.608253,20.81972,46,cpm,,65128,fbec7f65ccf922cc8c20f8176b248c2a,49,,,2026-06-19 01:20:48.073423,
2026-06-19 01:20:33,59.4397,25.5189,30,cpm,,,91f5ce27e6d6db9ab36524b29415f23b,,,,2026-06-19 01:20:46.939199,
2026-06-19 01:19:44,51.9807,9.2345,19,cpm,"Bad Pyrmont, DE",108,17b4094582f2907af3e6fbe9df943aad,,,,2026-06-19 01:20:46.576057,
2026-06-19 01:20:42,49.608254,20.819721,46,cpm,,65128,a07a1685ed6a52ea08a8afa25c8a58ff,49,,,2026-06-19 01:20:43.056594,
2026-06-19 01:20:37,49.608255,20.819719,44,cpm,,65128,540d13f3ae4d39857db463aea5844139,49,,,2026-06-19 01:20:38.04058,
2026-06-19 01:20:32,49.608256,20.819715,45,cpm,,65128,06cb82be8e3e32ce814977ffce20a8a1,49,,,2026-06-19 01:20:33.025768,
2026-06-19 01:19:00,52.4276,4.9711,21,cpm,"Waterland, NL",205,4740b9d4c2b8538dae1344c51c9b2014,,,,2026-06-19 01:20:32.583028,
2026-06-19 01:20:27,49.608257,20.819713,49,cpm,,65128,c7d25e471668185b0a3ac22038154c24,49,,,2026-06-19 01:20:28.10514,
2026-06-19 01:20:25,53.962355557933364,-1.082102543408737,0.117,usv,,221,e471f713c56e713ee3905797cd4be1b4,,,,2026-06-19 01:20:26.371287,
2026-06-19 01:20:22,49.608258,20.819712,45,cpm,,65128,ec60f8125779e2dad87e6bae5aa915b3,49,,,2026-06-19 01:20:22.984569,
2026-06-19 01:20:17,49.608258,20.819713,44,cpm,,65128,918e11c6dbdd548416a6d6b8e6f2d2ad,49,,,2026-06-19 01:20:18.087167,
2026-06-19 01:20:12,49.608255,20.819715,40,cpm,,65128,5fe752f8eda969262af35a7c23c55687,49,,,2026-06-19 01:20:13.1547,
2026-06-19 01:20:07,49.608251,20.819719,36,cpm,,65128,27ef943ed7694283081bcc76a49eb0de,49,,,2026-06-19 01:20:08.044795,
2026-06-19 01:20:02,49.608247,20.819727,38,cpm,,65128,5fe1127f50ffe1dd51952bda5cd33611,49,,,2026-06-19 01:20:03.101074,
2026-06-19 01:19:02,52.4494,13.3127,17,cpm,"Berlin, DE",204,58498ac9843dea5d00fbfcf818fb81a1,,,,2026-06-19 01:20:03.061952,
2026-06-19 01:20:00.067,51.108658,-0.218624,23,cpm,,279,0c15e3e3ae29348fccbd361fb79e3206,,,,2026-06-19 01:20:00.622129,
2026-06-19 01:19:57,49.608243,20.819727,36,cpm,,65128,b952f6e6069cd28a0139611857fb18ab,49,,,2026-06-19 01:19:58.102262,
2026-06-19 01:19:52,49.608239,20.819722,37,cpm,,65128,d8760fbc624f6bf22b0af30c34dd6e35,49,,,2026-06-19 01:19:53.085398,
2026-06-19 01:18:50,51.0634,11.7586,18,cpm,"Sieglitz, DE",209,8e640f358493e23fee1feb94192f5f3f,,,,2026-06-19 01:19:51.000013,
2026-06-19 01:19:47,49.608239,20.819718,36,cpm,,65128,fdc9deb448033892e9603b328e306443,49,,,2026-06-19 01:19:48.066675,
2026-06-19 01:18:42,51.9807,9.2345,18,cpm,"Bad Pyrmont, DE",108,7ce818f3251c5dbd968996f03f710e9b,,,,2026-06-19 01:19:43.761609,
2026-06-19 01:19:32,59.4397,25.5189,27,cpm,,,424e46a94ea4c77dcc59dbb83f071631,,,,2026-06-19 01:19:43.341717,
2026-06-19 01:19:42,49.608239,20.819716,37,cpm,,65128,dd710d35708e8e7ae09b0d83237db63f,49,,,2026-06-19 01:19:43.056356,
2026-06-19 01:19:33,32.7936,35.0057,122,cpm,,273997337,cacfc68ec56d18e1bfdebc8e1bd21606,100,,,2026-06-19 01:19:38.390263,
2026-06-19 01:19:37,49.608238,20.81972,38,cpm,,65128,b10e4ad828551d805aac5854f5cd6c77,49,,,2026-06-19 01:19:38.032103,
2026-06-19 01:19:32,49.608241,20.819725,36,cpm,,65128,873965e09c91b1778fd64339554147e7,49,,,2026-06-19 01:19:33.014559,
2026-06-19 01:19:30,45.60197,9.31745,43,cpm,,65109,751fda5f08967f40fbd281ef7c319d34,0,,,2026-06-19 01:19:31.698893,
2026-06-19 01:19:27,49.608243,20.81973,31,cpm,,65128,81ec25affe9919d1042cf1c975ec4892,49,,,2026-06-19 01:19:27.994715,
2026-06-19 01:19:27.414,43.6045,1.444,22,cpm,,238,83643d6cf9387aae1b02d432d546238f,,,,2026-06-19 01:19:27.740169,
2026-06-19 01:19:26,53.962355557933364,-1.082102543408737,0.117,usv,,221,b16569fada91effdf5e40dd0214f4c3d,,,,2026-06-19 01:19:26.538273,
2026-06-19 01:19:25,44.00155,-79.48695,23,cpm,,61367,8b33e3c55535444c28d9df45f6f654d2,,,,2026-06-19 01:19:26.403641,
2026-06-19 01:19:22,49.608241,20.819727,37,cpm,,65128,f3c61ac57353e300a890040a8d88fe60,49,,,2026-06-19 01:19:22.97943,
2026-06-19 01:19:17,49.60824,20.819725,38,cpm,,65128,22aa391d4db10bb64709c1d2cd9d2028,49,,,2026-06-19 01:19:18.06481,
2026-06-19 01:19:12,49.608241,20.819725,40,cpm,,65128,40d2bf111686c90541c544102e83bfa9,49,,,2026-06-19 01:19:13.052447,
2026-06-19 01:19:07,49.608238,20.819729,39,cpm,,65128,bec9bd5b803aff8f589e9baebe32c2af,49,,,2026-06-19 01:19:08.027184,
2026-06-19 01:19:05,37.494708,139.92604,31.7,celcius,,100369,42d537f9dd8d0dde39774bd7984e5448,219,,,2026-06-19 01:19:05.060067,
2026-06-19 01:19:04,37.494708,139.92604,14,cpm,,100362,c735dcdb3d3e9790978ad675218dea03,219,,,2026-06-19 01:19:04.682072,
2026-06-19 01:19:04,37.494708,139.92604,37,cpm,,100361,d67e5119ee146ae9ef8451b2e63715e6,219,,,2026-06-19 01:19:04.352389,
2026-06-19 01:19:02,49.608237,20.81973,37,cpm,,65128,b2b3116157baa81ccaed79402e799dad,49,,,2026-06-19 01:19:03.017996,
2026-06-19 01:18:01,52.4494,13.3127,13,cpm,"Berlin, DE",204,369279d84d3700baa4ff9069addd00c3,,,,2026-06-19 01:19:01.675432,
2026-06-19 01:17:58,52.4276,4.9711,23,cpm,"Waterland, NL",205,42ec863230ea99c29c7a135efc7dacbe,,,,2026-06-19 01:18:59.57497,
2026-06-19 01:18:57,49.608239,20.81973,41,cpm,,65128,c0f4346479c6441a3713cb2ed2ef4855,49,,,2026-06-19 01:18:58.00184,
2026-06-19 01:18:52,49.60824,20.819732,40,cpm,,65128,9b32a34dc972d8d1db573b2293f8ea43,49,,,2026-06-19 01:18:52.997738,
2026-06-19 01:17:47,51.0634,11.7586,17,cpm,"Sieglitz, DE",209,6d9f37ecf9b0460ed097056c05f76038,,,,2026-06-19 01:18:50.396009,
2026-06-19 01:18:47,49.608241,20.819731,42,cpm,,65128,e698b7d8495e5c44eb9d8c34173494b6,49,,,2026-06-19 01:18:48.065244,
2026-06-19 01:18:42,49.60824,20.819732,40,cpm,,65128,5730c6b74f27d8a63c23d3f8b1eb60d8,49,,,2026-06-19 01:18:43.140571,
2026-06-19 01:18:32,59.4397,25.5189,18,cpm,,,86bce7899651dbd34cbe692c2e67ac3d,,,,2026-06-19 01:18:41.696098,
2026-06-19 01:17:40,51.9807,9.2345,20,cpm,"Bad Pyrmont, DE",108,5c390cb4bc331072a813fd13839b022f,,,,2026-06-19 01:18:41.673429,
2026-06-19 01:18:37,49.60824,20.819733,40,cpm,,65128,e9cf5af707dc3dc9e9d0b7fa2b98e352,49,,,2026-06-19 01:18:38.118744,
2026-06-19 01:18:32,49.608243,20.819735,40,cpm,,65128,3dd67e74580dcbcc66a7ec5157e49a4b,49,,,2026-06-19 01:18:33.293088,
2026-06-19 01:18:27,49.608247,20.819737,42,cpm,,65128,a91f0d3983db880c8848c63f74b278dd,49,,,2026-06-19 01:18:27.989959,
2026-06-19 01:18:24,53.962355557933364,-1.082102543408737,0.156,usv,,221,5ad391055200d4e8cc66044812027681,,,,2026-06-19 01:18:25.096974,
2026-06-19 01:18:22,49.608251,20.819738,39,cpm,,65128,0f24a150af55647b52411b7538df5d17,49,,,2026-06-19 01:18:22.997107,
2026-06-19 01:18:17,49.608252,20.81974,36,cpm,,65128,4b36936df0fba9531de9eb6548665eec,49,,,2026-06-19 01:18:18.119546,
2026-06-19 01:18:12,49.60825,20.819744,33,cpm,,65128,d39be2b7cc9f90e28f88f9e80f21bf7d,49,,,2026-06-19 01:18:13.040318,
2026-06-19 01:18:07,49.608245,20.819748,33,cpm,,65128,d31afdef2113a04d5530fc12c06546da,49,,,2026-06-19 01:18:08.02353,
2026-06-19 01:18:02,49.608242,20.819749,30,cpm,,65128,6a70460f0900e29d23cffc19eab0372e,49,,,2026-06-19 01:18:03.138936,
2026-06-19 01:17:00,52.4494,13.3127,18,cpm,"Berlin, DE",204,fadadf1e859e2ffeadcedcb6aa24e67c,,,,2026-06-19 01:18:01.218256,
2026-06-19 01:18:00.114,51.108658,-0.218624,21,cpm,,279,722547eb46e818b5434b7e84281389a1,,,,2026-06-19 01:18:00.712118,
2026-06-19 01:17:57,49.608244,20.819747,26,cpm,,65128,74b202d8defe1d08460628d566f736b8,49,,,2026-06-19 01:17:58.091034,
2026-06-19 01:16:56,52.4276,4.9711,25,cpm,"Waterland, NL",205,2005eadccd9e3a5c9f867020e055f673,,,,2026-06-19 01:17:58.007569,
2026-06-19 01:17:52,49.608248,20.819742,24,cpm,,65128,52ac534af63e433de4ee0e10e134110e,49,,,2026-06-19 01:17:53.071519,
2026-06-19 01:17:47,49.608254,20.819737,24,cpm,,65128,af4e6d5501d647c6fdacb1bafa463c37,49,,,2026-06-19 01:17:48.062701,
2026-06-19 01:16:44,51.0634,11.7586,22,cpm,"Sieglitz, DE",209,945522ecce31d6b3744054d9fe071255,,,,2026-06-19 01:17:46.768724,
2026-06-19 01:17:45,34.48265,136.16314,44,cpm,,65002,12a9172817d3b6aef92f052e26ddf56a,0,,,2026-06-19 01:17:46.457629,
2026-06-19 01:17:42,49.608261,20.819731,24,cpm,,65128,d0e2c33ac30e61aa9722ef553b3a35c2,49,,,2026-06-19 01:17:43.053583,
2026-06-19 01:17:31,59.4397,25.5189,21,cpm,,,bd13bda3ccb20c9e19137ae3ade581e0,,,,2026-06-19 01:17:40.153673,
2026-06-19 01:16:36,51.9807,9.2345,14,cpm,"Bad Pyrmont, DE",108,c996e7c144906620d2d08d0f1b4d0800,,,,2026-06-19 01:17:40.08006,
2026-06-19 01:17:37,49.608262,20.819728,24,cpm,,65128,9194c7061d7039af3fb7ce2e7b5d82d7,49,,,2026-06-19 01:17:38.016667,
2026-06-19 01:17:32,49.608261,20.819727,26,cpm,,65128,eea208875cc2621bf30db66520d75f81,49,,,2026-06-19 01:17:33.105265,
2026-06-19 01:17:27,49.608258,20.819725,30,cpm,,65128,cbfb7fb0e7659abcd279c533218b197d,49,,,2026-06-19 01:17:27.983834,
2026-06-19 01:17:25.241,43.6045,1.444,24,cpm,,238,3961d5828376ae3707d665ff74019681,,,,2026-06-19 01:17:25.553961,
2026-06-19 01:17:24,53.962355557933364,-1.082102543408737,0.091,usv,,221,08c9b72b2fcdb9c76b122688ca6c114e,,,,2026-06-19 01:17:24.594553,
2026-06-19 01:17:22,49.608255,20.819726,27,cpm,,65128,d67c5227c15faa7097ed01e373d865fb,49,,,2026-06-19 01:17:23.08091,
2026-06-19 01:17:17,49.608251,20.819727,27,cpm,,65128,51c9f134ffbca4bb423168071d3e4407,49,,,2026-06-19 01:17:18.05206,
2026-06-19 01:17:12,49.608249,20.819726,27,cpm,,65128,a8d194933578b74305644983a3c12e10,49,,,2026-06-19 01:17:13.152015,
2026-06-19 01:17:07,49.608246,20.819726,29,cpm,,65128,0a056cdbdff070350320367d1a23afec,49,,,2026-06-19 01:17:08.01771,
2026-06-19 01:17:02,49.608248,20.819726,29,cpm,,65128,7635202fd6dc070bb7748cf03a57db51,49,,,2026-06-19 01:17:03.10483,
2026-06-19 01:17:02,37.4932,139.93305,43,cpm,,101,7f56f3c5d8307854e425235091564373,,,,2026-06-19 01:17:02.621971,
2026-06-19 01:15:59,52.4494,13.3127,17,cpm,"Berlin, DE",204,71bb58cf3987ec1db53a374da60de58b,,,,2026-06-19 01:16:59.893475,
2026-06-19 01:16:57,49.608259,20.819727,29,cpm,,65128,7b415a64ba78de3d4340193ecf93f2a7,49,,,2026-06-19 01:16:57.979976,
2026-06-19 01:15:23,52.4276,4.9711,24,cpm,"Waterland, NL",205,dfd327bb4762dcc2760749ababea1420,,,,2026-06-19 01:16:55.721292,
2026-06-19 01:16:52,49.608269,20.819727,30,cpm,,65128,155ff7066b8fb0acd05910fdd0b03395,49,,,2026-06-19 01:16:53.065822,
2026-06-19 01:16:47,49.608278,20.819728,30,cpm,,65128,3c4d51b4ed66001845a551c951be0d67,49,,,2026-06-19 01:16:48.048674,
2026-06-19 01:15:42,51.0634,11.7586,22,cpm,"Sieglitz, DE",209,a9c0c8d0fc1281b8633578c17ee7ef87,,,,2026-06-19 01:16:43.863382,
2026-06-19 01:16:42,49.608283,20.819727,30,cpm,,65128,c585b9d698844d0afc8d40993a05358d,49,,,2026-06-19 01:16:43.035137,
2026-06-19 01:16:37,49.608283,20.819726,28,cpm,,65128,b8f5ad9220bbca4a86fb3295d631173f,49,,,2026-06-19 01:16:38.11513,
2026-06-19 01:15:35,51.9807,9.2345,11,cpm,"Bad Pyrmont, DE",108,d4c1c9794be8dc3f51b0e1dee3bb0033,,,,2026-06-19 01:16:36.353908,
2026-06-19 01:16:31,59.4397,25.5189,23,cpm,,,dd498e0699894362653aaf8e3cc90414,,,,2026-06-19 01:16:35.72642,
2026-06-19 01:16:34,42.49361,-70.86514,32,cpm,,65041,5aca57ede779211258242b7ee7ba8c1f,0,,,2026-06-19 01:16:35.320098,
2026-06-19 01:16:32,49.608277,20.819729,27,cpm,,65128,0217a4b04d149b20b23f467f82e33246,49,,,2026-06-19 01:16:33.110163,
2026-06-19 01:16:27,49.608273,20.819734,21,cpm,,65128,9ee982fdda031e3cc1a616048661d22e,49,,,2026-06-19 01:16:27.977409,
2026-06-19 01:16:26,53.962355557933364,-1.082102543408737,0.1105,usv,,221,702b65e617f944cc942a1b31f75dfeaa,,,,2026-06-19 01:16:26.638679,
2026-06-19 01:16:22,49.608282,20.819734,23,cpm,,65128,8c2a4c8ae908c58dd3353ecefaa12a93,49,,,2026-06-19 01:16:23.075644,
2026-06-19 01:16:17.660048,44.3292,3.05828,0.105,usv,,0,1f1f4d8b2239274acd0fae6187ee0813,,,,2026-06-19 01:16:18.235074,
2026-06-19 01:16:17,49.608285,20.819728,25,cpm,,65128,c74d3dadb8683a4305a0796a429c59c5,49,,,2026-06-19 01:16:18.044418,
2026-06-19 01:16:16.644114,44.3292,3.05828,21,cpm,,0,622ccfa76403077ac87252ba100f6bfc,,,,2026-06-19 01:16:17.553041,
2026-06-19 01:16:12,39.0287,-76.5834,0.059,usv,,255,0e3a81b8254da6b749c8a2e7298dae6d,,,,2026-06-19 01:16:15.494964,
2026-06-19 01:16:12,49.608285,20.819723,26,cpm,,65128,0e849b8b35b109d3faeedd63147a951c,49,,,2026-06-19 01:16:13.036134,
2026-06-19 01:16:07,49.608284,20.819723,27,cpm,,65128,31d253a6b2355a6fcc9f3284f9bb1b6a,49,,,2026-06-19 01:16:08.110224,
2026-06-19 01:16:02,49.608286,20.819723,28,cpm,,65128,8e39c1cb2947388b5e3faececb4a05e8,49,,,2026-06-19 01:16:03.000222,
2026-06-19 01:16:00.071,51.108658,-0.218624,23,cpm,,279,a5432866584ee027374fb666b585155c,,,,2026-06-19 01:16:00.61594,
2026-06-19 01:14:58,52.4494,13.3127,17,cpm,"Berlin, DE",204,ae3462deed523cf52546fe8a21c075c8,,,,2026-06-19 01:15:58.699244,
2026-06-19 01:15:57,49.60828,20.819726,29,cpm,,65128,edaee622436810ce9c976b24e8e547c8,49,,,2026-06-19 01:15:58.092212,
2026-06-19 01:15:52,49.608272,20.819727,29,cpm,,65128,ce7bb4f0b393fdc379ae045837273cbb,49,,,2026-06-19 01:15:53.062253,
2026-06-19 01:15:48,31.833193,130.301922,31.8,status,,100229,b777b9b074b94c3d8741960d27dc319c,13,,,2026-06-19 01:15:48.109113,
2026-06-19 01:15:47,49.608263,20.819729,26,cpm,,65128,2462b756e1f7bad7cae5d94729552fea,49,,,2026-06-19 01:15:48.042661,
2026-06-19 01:15:47,31.833193,130.301922,14,cpm,,100222,6e8165991b4e1b2eab437dbf2494f48b,13,,,2026-06-19 01:15:47.380415,
2026-06-19 01:15:46,31.833193,130.301922,27,cpm,,100221,eed2f72391db881d86a35dcf5c30603e,13,,,2026-06-19 01:15:46.759779,
2026-06-19 01:15:42,49.608255,20.819734,27,cpm,,65128,73a06549f0f49f573424e691ecb8e1b2,49,,,2026-06-19 01:15:43.023656,
2026-06-19 01:14:41,51.0634,11.7586,17,cpm,"Sieglitz, DE",209,1c62c1c82a41f454f252764089f5bd5b,,,,2026-06-19 01:15:42.155202,
2026-06-19 01:15:37,49.608257,20.819737,29,cpm,,65128,8285a01a2529ceff79deeffd58d54f73,49,,,2026-06-19 01:15:38.108833,
2026-06-19 01:14:33,51.9807,9.2345,13,cpm,"Bad Pyrmont, DE",108,13fca84ba266d957b02d05f68a69a72b,,,,2026-06-19 01:15:34.660592,
2026-06-19 01:15:30,59.4397,25.5189,21,cpm,,,62fc7698118e43ef1a65c78c9b0f228c,,,,2026-06-19 01:15:34.214506,
2026-06-19 01:15:32,49.608261,20.81974,29,cpm,,65128,e54662e9377eea71326d4a50c4dba378,49,,,2026-06-19 01:15:33.090123,
2026-06-19 01:15:27,49.608265,20.819742,28,cpm,,65128,060894d25aa46c50e89b9b22e345b76e,49,,,2026-06-19 01:15:28.073197,
2026-06-19 01:15:23,53.962355557933364,-1.082102543408737,0.078,usv,,221,0bfc4d18e633afbc0aeaf05d9f1af9e1,,,,2026-06-19 01:15:23.589991,
2026-06-19 01:15:23.08,43.6045,1.444,28,cpm,,238,2f5b1a0494f2f183cd87eae619bbd3aa,,,,2026-06-19 01:15:23.396295,
2026-06-19 01:15:22,49.60827,20.819745,34,cpm,,65128,158d9416c12d023c3187ac20a759beaa,49,,,2026-06-19 01:15:23.081048,
2026-06-19 01:14:12,52.4276,4.9711,17,cpm,"Waterland, NL",205,37e1812f071d2baa3a5244272c8d0fbf,,,,2026-06-19 01:15:22.769998,
2026-06-19 01:15:17,49.608277,20.81975,33,cpm,,65128,7c9aa01a6988446b3098116a53562bc4,49,,,2026-06-19 01:15:18.043336,
2026-06-19 01:15:12,49.608284,20.819755,34,cpm,,65128,de6090b18e39ed8d2de60d1e6b31a2eb,49,,,2026-06-19 01:15:13.022711,
2026-06-19 01:15:07,49.60829,20.819762,33,cpm,,65128,ef97c84b9603d1eb0f0e76e7197dc065,49,,,2026-06-19 01:15:08.001158,
2026-06-19 01:15:02,49.60829,20.819767,31,cpm,,65128,a9e02a2b01edea2d071db5b0fa4a098b,49,,,2026-06-19 01:15:03.090147,
2026-06-19 01:13:57,52.4494,13.3127,22,cpm,"Berlin, DE",204,5364f659874de20cf5c1bb471e8f6100,,,,2026-06-19 01:14:58.26682,
2026-06-19 01:14:57,49.608289,20.819766,31,cpm,,65128,1ca1f997beb329d6c7b45411881de16e,49,,,2026-06-19 01:14:58.087227,
2026-06-19 01:14:52,49.608286,20.819764,32,cpm,,65128,328b187d8992b6e97357c38c079156c5,49,,,2026-06-19 01:14:53.067006,
2026-06-19 01:14:47,49.608286,20.819762,33,cpm,,65128,d5bb64452876786eaeea9465f87ea01c,49,,,2026-06-19 01:14:48.064082,
2026-06-19 01:14:42,49.608288,20.819758,31,cpm,,65128,882557f1884a05e2a6be757a925c0467,49,,,2026-06-19 01:14:43.0243,
2026-06-19 01:13:38,51.0634,11.7586,19,cpm,"Sieglitz, DE",209,4e5e6c20a90a0543824b4a438fa56508,,,,2026-06-19 01:14:40.487286,
2026-06-19 01:14:33,32.7936,35.0057,126.8,cpm,,273997337,3c2543de363cac974f5f9906bb104131,100,,,2026-06-19 01:14:39.135351,
2026-06-19 01:14:37,49.608299,20.819756,32,cpm,,65128,01dfc254e19029185fc0b9dfc34a9008,49,,,2026-06-19 01:14:38.12713,
2026-06-19 01:14:32,49.608301,20.819753,32,cpm,,65128,50f8d6af9f7cee13b8dad7e5682e365a,49,,,2026-06-19 01:14:32.980747,
2026-06-19 01:13:24,51.9807,9.2345,13,cpm,"Bad Pyrmont, DE",108,bfaed94bdc806bddf1edc6e3e7f5e9c1,,,,2026-06-19 01:14:32.864018,
2026-06-19 01:14:30,59.4397,25.5189,18,cpm,,,82947d141182a66858c1ad631e4e23fe,,,,2026-06-19 01:14:32.755235,
2026-06-19 01:14:30,45.60197,9.31745,35,cpm,,65109,851fca0de3ca6f8d847ae2eefb15fc2c,0,,,2026-06-19 01:14:31.681033,
